/* TOTAL OF 0 ERRORS WHILE BUILDING METADATA STRUCTURE. */
BEGIN TRANSACTION;
/* TABLE funcionario */
INSERT INTO funcionario ( cargo, nome, equipe, RG, telefoneCsv, endereco, cpf )
	VALUES ( 'ASSISTENTE', 'Rebeca Pires', 579586, '97480615311', '+55 (081) 6267-4478', 'Avenida Alves Vila Maloca 85685-757 Novaes de Freitas / AP', '496.918.280-41' );
INSERT INTO funcionario ( cargo, nome, equipe, RG, telefoneCsv, endereco, cpf )
	VALUES ( 'TECNICO', 'Marcos Vinicius Duarte', 736235, '65480123998', '+55 21 2305-0047', 'Conjunto de da Mota, 763 Vila Mantiqueira 49939434 Ribeiro / AM', '904.573.852-23' );
INSERT INTO funcionario ( cargo, nome, equipe, RG, telefoneCsv, endereco, cpf )
	VALUES ( 'ASSISTENTE', 'Bárbara Gomes', 404044, '92137485079', '(061) 8609-9464', 'Parque Evelyn Cunha, 31 Vila Santa Rosa 72453792 das Neves / PI', '832.020.577-30' );
INSERT INTO funcionario ( cargo, nome, equipe, RG, telefoneCsv, endereco, cpf )
	VALUES ( 'COPILOTO', 'Vinicius Cunha', 507019, '80921367422', '+55 81 9843-7831', 'Esplanada Souza, 559 Vila Sumaré 00780-028 Costa da Prata / PE', '513.693.425-00' );
INSERT INTO funcionario ( cargo, nome, equipe, RG, telefoneCsv, endereco, cpf )
	VALUES ( 'TECNICO', 'Nicolas Carvalho', 459464, '50142687911', '31 7694 9376', 'Estrada Heloísa Gomes, 89 Pirineus 03034-138 Nunes / MG', '378.394.255-68' );
INSERT INTO funcionario ( cargo, nome, equipe, RG, telefoneCsv, endereco, cpf )
	VALUES ( 'COPILOTO', 'Dr. Luiz Fernando Mendes', 298774, '07182954631', '+55 (041) 9481 5433', 'Viaduto Pinto, 65 Vila União 72584-498 Cardoso, / AC', '439.007.910-03' );
INSERT INTO funcionario ( cargo, nome, equipe, RG, telefoneCsv, endereco, cpf )
	VALUES ( 'TECNICO', 'Pedro Henrique Ferreira', 441631, '56791043857', '+55 (021) 3176-3770', 'Área de Almeida, 94 Maria Virgínia 61850693 Pires Paulista / RO', '367.062.323-68' );
INSERT INTO funcionario ( cargo, nome, equipe, RG, telefoneCsv, endereco, cpf )
	VALUES ( 'ASSISTENTE', 'Lorenzo Gomes', 547706, '12378596464', '(061) 1231-4071', 'Distrito de Caldeira, 91 Delta 20272-018 Melo de da Mota / PA', '315.205.016-64' );
INSERT INTO funcionario ( cargo, nome, equipe, RG, telefoneCsv, endereco, cpf )
	VALUES ( 'ASSISTENTE', 'Caroline da Paz', 174804, '95104673243', '5185-8262', 'Largo Peixoto, 36 Vila São Geraldo 75523-942 Silva / MT', '576.734.720-68' );
INSERT INTO funcionario ( cargo, nome, equipe, RG, telefoneCsv, endereco, cpf )
	VALUES ( 'OPCAMERA', 'Sra. Laura Dias', 452862, '32064587144', '(051) 4329 4716', 'Trevo de Caldeira Santa Rita 67370180 Moura de Minas / BA', '930.959.989-35' );
INSERT INTO funcionario ( cargo, nome, equipe, RG, telefoneCsv, endereco, cpf )
	VALUES ( 'PILOTO', 'Sophia Nogueira', 424593, '52907361821', '+55 (071) 2698-7793', 'Vereda Ribeiro, 75 Senhor Dos Passos 01449507 Aragão / PE', '238.683.572-15' );
INSERT INTO funcionario ( cargo, nome, equipe, RG, telefoneCsv, endereco, cpf )
	VALUES ( 'OPCAMERA', 'Theo Novaes', 362128, '63195840766', '(041) 8954-1111', 'Estrada de Barbosa, 916 Das Industrias I 08002813 Ribeiro / SC', '724.417.415-89' );
INSERT INTO funcionario ( cargo, nome, equipe, RG, telefoneCsv, endereco, cpf )
	VALUES ( 'PILOTO', 'Dr. Fernando Pinto', 710323, '48512769319', '(021) 9411 8726', 'Passarela Jesus, 83 Vila Da Amizade 40129943 Moura / RN', '003.330.017-59' );
INSERT INTO funcionario ( cargo, nome, equipe, RG, telefoneCsv, endereco, cpf )
	VALUES ( 'TECNICO', 'Dr. Lucas Teixeira', 153351, '89461275382', '+55 (021) 6076-0372', 'Fazenda da Cunha, 11 Sagrada Família 80406-857 Barbosa do Amparo / MS', '112.701.852-51' );
INSERT INTO funcionario ( cargo, nome, equipe, RG, telefoneCsv, endereco, cpf )
	VALUES ( 'TECNICO', 'Laura Lopes', 327484, '02148375997', '(011) 2227-2990', 'Área Luiz Fernando Moura, 24 Manacas 88677938 Moreira das Pedras / GO', '274.989.508-32' );
INSERT INTO funcionario ( cargo, nome, equipe, RG, telefoneCsv, endereco, cpf )
	VALUES ( 'COPILOTO', 'Olivia Nogueira', 117430, '03478925665', '+55 71 9994 1187', 'Estação Rezende, 24 Tres Marias 43976921 da Cruz / DF', '035.906.129-91' );
INSERT INTO funcionario ( cargo, nome, equipe, RG, telefoneCsv, endereco, cpf )
	VALUES ( 'TECNICO', 'Cauã Araújo', 644564, '43759862047', '(061) 3367 1942', 'Vila Fernanda Gonçalves, 57 Vila Nova Cachoeirinha 1ª Seção 27748-976 Lima / GO', '230.908.062-22' );
INSERT INTO funcionario ( cargo, nome, equipe, RG, telefoneCsv, endereco, cpf )
	VALUES ( 'PILOTO', 'Lorenzo Melo', 528673, '04592637143', '11 8071-2600', 'Vila FariasFernandes, 77 Vila Batik 83265466 Costela / AP', '343.535.420-47' );
INSERT INTO funcionario ( cargo, nome, equipe, RG, telefoneCsv, endereco, cpf )
	VALUES ( 'TECNICO', 'Clarice Pires', 337467, '85461793282', '+55 21 9411 4614', 'Estação de Souza, 439 Juliana 77769-335 da Mata / AM', '866.030.365-26' );
INSERT INTO funcionario ( cargo, nome, equipe, RG, telefoneCsv, endereco, cpf )
	VALUES ( 'COPILOTO', 'Ana Laura da Mata', 295576, '83476290565', '(061) 0096-3393', 'Residencial Laís Oliveira, 83 Vila Petropolis 78106983 Pinto / CE', '084.827.345-40' );
INSERT INTO funcionario ( cargo, nome, equipe, RG, telefoneCsv, endereco, cpf )
	VALUES ( 'PILOTO', 'Sr. Lucas Santos', 100902, '98674102549', '(061) 3385 4511', 'Jardim de Costela, 5 Serra 01206-568 Costela Alegre / PB', '895.342.722-81' );
INSERT INTO funcionario ( cargo, nome, equipe, RG, telefoneCsv, endereco, cpf )
	VALUES ( 'PILOTO', 'Sr. Igor Aragão', 306700, '15032497614', '81 1886-6241', 'Rodovia de Moreira, 40 Vila União 30479565 Jesus Alegre / RO', '284.960.370-77' );
INSERT INTO funcionario ( cargo, nome, equipe, RG, telefoneCsv, endereco, cpf )
	VALUES ( 'ASSISTENTE', 'Raul Souza', 825901, '91624087396', '+55 (031) 6661 0141', 'Favela Costela, 84 Nossa Senhora Da Conceição 92914-083 Caldeira Paulista / PB', '809.862.903-39' );
INSERT INTO funcionario ( cargo, nome, equipe, RG, telefoneCsv, endereco, cpf )
	VALUES ( 'ASSISTENTE', 'Julia da Conceição', 352280, '43105872914', '71 0182 2579', 'Sítio Gabriel Silva, 64 Alto Vera Cruz 31757-283 Freitas / BA', '022.084.431-19' );
INSERT INTO funcionario ( cargo, nome, equipe, RG, telefoneCsv, endereco, cpf )
	VALUES ( 'ASSISTENTE', 'Kevin Santos', 515452, '46752908176', '(051) 8561-7054', 'Distrito de Nascimento, 4 Cônego Pinheiro 1ª Seção 96662045 da Mota / AL', '845.346.471-14' );
INSERT INTO funcionario ( cargo, nome, equipe, RG, telefoneCsv, endereco, cpf )
	VALUES ( 'ASSISTENTE', 'Esther da Mota', 291570, '59186742094', '+55 51 715 1889', 'Feira Rodrigo da Paz, 4 Vila Minaslandia 74262-431 da Cunha / TO', '789.045.119-08' );
INSERT INTO funcionario ( cargo, nome, equipe, RG, telefoneCsv, endereco, cpf )
	VALUES ( 'TECNICO', 'Nina Mendes', 749402, '08961375466', '+55 21 2893-3842', 'Avenida Igor Gonçalves, 60 Vila Ecológica 64362556 Ferreira da Prata / ES', '988.402.696-60' );
INSERT INTO funcionario ( cargo, nome, equipe, RG, telefoneCsv, endereco, cpf )
	VALUES ( 'PILOTO', 'Sarah Nascimento', 141554, '51283967464', '(051) 9114 1023', 'Aeroporto Bárbara Almeida, 7 Vila Engenho Nogueira 11861-769 Lima / MA', '987.407.016-29' );
INSERT INTO funcionario ( cargo, nome, equipe, RG, telefoneCsv, endereco, cpf )
	VALUES ( 'COPILOTO', 'Lorena Moraes', 454361, '59673801411', '+55 51 117 7032', 'Residencial Carvalho, 73 Suzana 06236-654 da Mota do Sul / TO', '598.219.001-03' );
INSERT INTO funcionario ( cargo, nome, equipe, RG, telefoneCsv, endereco, cpf )
	VALUES ( 'ASSISTENTE', 'Davi Lucca Cavalcanti', 377989, '56832719086', '(011) 4245-1307', 'Distrito de Dias, 7 Bandeirantes 98663666 Lopes / TO', '609.107.210-10' );
INSERT INTO funcionario ( cargo, nome, equipe, RG, telefoneCsv, endereco, cpf )
	VALUES ( 'ASSISTENTE', 'Daniela Silveira', 549509, '43758092132', '11 1277-2616', 'Feira Ribeiro Bernadete 79332-595 Nogueira / GO', '003.273.572-61' );
INSERT INTO funcionario ( cargo, nome, equipe, RG, telefoneCsv, endereco, cpf )
	VALUES ( 'TECNICO', 'Renan Costela', 517026, '47138592061', '5827-2539', 'Chácara Duarte, 77 Pompéia 29938-907 Rocha / RO', '323.375.139-50' );
INSERT INTO funcionario ( cargo, nome, equipe, RG, telefoneCsv, endereco, cpf )
	VALUES ( 'PILOTO', 'Sr. Pedro Henrique Nunes', 134190, '50946178267', '(081) 9953-2506', 'Residencial Gonçalves, 314 Etelvina Carneiro 54915-251 da Luz / ES', '958.575.876-65' );
INSERT INTO funcionario ( cargo, nome, equipe, RG, telefoneCsv, endereco, cpf )
	VALUES ( 'COPILOTO', 'Vitor Hugo Sales', 782448, '41398726087', '+55 31 9152 7421', 'Vila de Moreira, 48 Laranjeiras 30946-287 Lima / RR', '836.621.909-29' );
INSERT INTO funcionario ( cargo, nome, equipe, RG, telefoneCsv, endereco, cpf )
	VALUES ( 'COPILOTO', 'Isis das Neves', 491558, '24187590676', '11 9929-1194', 'Praça de da Paz, 48 Santa Rosa 67322115 Jesus Alegre / MT', '614.850.626-02' );
INSERT INTO funcionario ( cargo, nome, equipe, RG, telefoneCsv, endereco, cpf )
	VALUES ( 'OPCAMERA', 'Bruno Freitas', 542638, '21980357668', '+55 11 1310 0251', 'Loteamento da Conceição, 39 Bandeirantes 10343-446 da Rocha / MA', '808.129.189-54' );
INSERT INTO funcionario ( cargo, nome, equipe, RG, telefoneCsv, endereco, cpf )
	VALUES ( 'OPCAMERA', 'Srta. Valentina Melo', 485147, '13420698712', '71 7133 9128', 'Trevo de Sales, 89 Santa Amelia 17426-608 Costa Paulista / PB', '849.052.639-96' );
INSERT INTO funcionario ( cargo, nome, equipe, RG, telefoneCsv, endereco, cpf )
	VALUES ( 'COPILOTO', 'Bruno da Paz', 834335, '41768925011', '31 2208 4293', 'Campo de Cardoso,, 24 Estrela Do Oriente 68030043 da Cruz / RJ', '693.707.504-19' );
INSERT INTO funcionario ( cargo, nome, equipe, RG, telefoneCsv, endereco, cpf )
	VALUES ( 'OPCAMERA', 'Ana Laura Teixeira', 319355, '38475106226', '+55 (041) 3913 8090', 'Favela das Neves, 77 Boa União 2ª Seção 30533380 Silveira / DF', '941.284.044-81' );
INSERT INTO funcionario ( cargo, nome, equipe, RG, telefoneCsv, endereco, cpf )
	VALUES ( 'TECNICO', 'Emilly da Luz', 527255, '68795014357', '51 049 9135', 'Setor Miguel Monteiro, 254 Caiçaras 77252-211 Fogaça Alegre / PE', '299.163.395-64' );
/* NULL INSERTION FOR ATTRIBUTE equipe AT TABLE funcionario  */
 INSERT INTO funcionario ( cargo, nome, equipe, RG, telefoneCsv, endereco, cpf )
	VALUES ( 'COPILOTO', 'Ana Júlia Teixeira', NULL, '46827935019', '(071) 1576-5844', 'Ladeira FariasFernandes, 99 Aparecida 7ª Seção 24920-469 Moraes da Praia / RR', '349.593.966-00' );

/* TABLE tecnico */
INSERT INTO tecnico ( especialidade, cpf )
	VALUES ( 'Autem eius eius aut adipisci eius ipsum. Laudantium aperiam voluptatum m', '513.693.425-00' );
INSERT INTO tecnico ( especialidade, cpf )
	VALUES ( 'Impedit pariatur placeat rem perferendis eveniet autem. Numquam autem doloremque voluptas. Assumenda omnis enim impe', '315.205.016-64' );
INSERT INTO tecnico ( especialidade, cpf )
	VALUES ( 'Soluta voluptas tenetur tempora blanditiis eligendi. Nihil quod et architecto officiis.Erro', '958.575.876-65' );
INSERT INTO tecnico ( especialidade, cpf )
	VALUES ( 'Praesentium voluptatibus eveniet reiciendis deserunt eum. Molestias sit incidunt quibusdam animi max', '367.062.323-68' );
INSERT INTO tecnico ( especialidade, cpf )
	VALUES ( 'Animi excepturi veniam molestias. Explicabo voluptas doloremque asperiores. Veritatis m', '003.273.572-61' );
INSERT INTO tecnico ( especialidade, cpf )
	VALUES ( 'Suscipit tempore eaque. Tempore reprehenderit fuga atque aperiam optio modi hic.', '274.989.508-32' );
INSERT INTO tecnico ( especialidade, cpf )
	VALUES ( 'Quasi suscipit est nobis aperiam facere aspernatur doloremque. Ea tempo', '496.918.280-41' );
INSERT INTO tecnico ( especialidade, cpf )
	VALUES ( 'Ad aliquid illo quaerat temporibus. Dolore nam nam quasi doloribus perspiciatis.', '576.734.720-68' );
INSERT INTO tecnico ( especialidade, cpf )
	VALUES ( 'Sint in vero inventore voluptatum maxime aut laboriosam. Nam vitae velit non doloremque.Incidunt aperiam illo nisi', '022.084.431-19' );
INSERT INTO tecnico ( especialidade, cpf )
	VALUES ( 'Mollitia atque iste eius reiciendis ipsa beatae. Explicabo occaecati quasi animi illum. Natus libero odit repellat labore s', '238.683.572-15' );
INSERT INTO tecnico ( especialidade, cpf )
	VALUES ( 'Occaecati reiciendis ea quis. Aliquid et aspernatur ratione possimus praesentium debitis doloremq', '904.573.852-23' );
INSERT INTO tecnico ( especialidade, cpf )
	VALUES ( 'Accusamus maxime dicta voluptas. Recusandae cum eius unde assumenda. Itaque ', '003.330.017-59' );
INSERT INTO tecnico ( especialidade, cpf )
	VALUES ( 'Asperiores architecto ex. Molestias corporis quibusdam fugit deserunt dolores architecto molestias.Voluptatum consequ', '084.827.345-40' );
INSERT INTO tecnico ( especialidade, cpf )
	VALUES ( 'Similique quam maiores tempora. Nulla porro est laudantium beatae ani', '724.417.415-89' );
INSERT INTO tecnico ( especialidade, cpf )
	VALUES ( 'Est sint temporibus dolores rem voluptatem. Tempora libero tempore har', '808.129.189-54' );
INSERT INTO tecnico ( especialidade, cpf )
	VALUES ( 'Ad nobis nam. Dolor rerum eos voluptate aliquam.Corporis odit repudi', '343.535.420-47' );
INSERT INTO tecnico ( especialidade, cpf )
	VALUES ( 'Tempora culpa accusantium ipsam. Laboriosam error aliquam ipsam consectetur voluptates. Veritatis earum eaque labor', '988.402.696-60' );
INSERT INTO tecnico ( especialidade, cpf )
	VALUES ( 'Deleniti occaecati temporibus hic. Accusantium fuga voluptas ab. Voluptatibus odio aspernatur ipsam repellendus ', '609.107.210-10' );
INSERT INTO tecnico ( especialidade, cpf )
	VALUES ( 'Eveniet illum placeat eum. Aperiam velit ipsam at aut mollitia nihil dicta. Si', '378.394.255-68' );
INSERT INTO tecnico ( especialidade, cpf )
	VALUES ( 'Doloribus rerum debitis repudiandae quos. Aliquid quas nulla expedita ullam laborum. Quos ani', '230.908.062-22' );
INSERT INTO tecnico ( especialidade, cpf )
	VALUES ( 'Ducimus necessitatibus maxime iste eum ipsum.', '439.007.910-03' );
INSERT INTO tecnico ( especialidade, cpf )
	VALUES ( 'Sint nihil nam commodi ratione perferendis beatae ab. Accusantium similique rerum ut quidem fugiat cumque.Consequat', '789.045.119-08' );
INSERT INTO tecnico ( especialidade, cpf )
	VALUES ( 'Dolorem sunt ipsum quam voluptas sequi nisi. Ipsa accusantium deserunt id', '693.707.504-19' );
INSERT INTO tecnico ( especialidade, cpf )
	VALUES ( 'Quidem provident qui architecto ullam reiciendis unde.Similique ab inventore quaerat reprehenderit. Blanditiis hic aspernat', '284.960.370-77' );
INSERT INTO tecnico ( especialidade, cpf )
	VALUES ( 'Occaecati blanditiis sunt iste voluptas soluta. Minus omnis voluptatum temporibu', '836.621.909-29' );
INSERT INTO tecnico ( especialidade, cpf )
	VALUES ( 'Tempora nulla laborum repudiandae hic.Asperiores non facilis fugiat molestias at. Corrupti vitae ipsum sapiente omnis. ', '832.020.577-30' );
INSERT INTO tecnico ( especialidade, cpf )
	VALUES ( 'Aliquam molestias provident doloremque iusto quisquam voluptatibus.Illum pariatur voluptatem do', '598.219.001-03' );
INSERT INTO tecnico ( especialidade, cpf )
	VALUES ( 'Error ullam sapiente fuga aspernatur ducimus dolor. Fuga harum fuga porro iure. Quasi natus quo facere reprehenderit ', '987.407.016-29' );
INSERT INTO tecnico ( especialidade, cpf )
	VALUES ( 'Officiis adipisci odit odit natus quia illo. Consequuntur quod quis aliquid t', '323.375.139-50' );
INSERT INTO tecnico ( especialidade, cpf )
	VALUES ( 'Velit in ipsa nihil qui quod deleniti. Eos cupiditate distinctio ', '845.346.471-14' );
INSERT INTO tecnico ( especialidade, cpf )
	VALUES ( 'Illo praesentium voluptatibus nihil quaerat.Occaecati vel alias', '895.342.722-81' );
INSERT INTO tecnico ( especialidade, cpf )
	VALUES ( 'Magni qui rerum earum maxime aperiam itaque.Officiis ea cupiditate. Quasi consequuntur culp', '299.163.395-64' );
INSERT INTO tecnico ( especialidade, cpf )
	VALUES ( 'Delectus aperiam distinctio ullam. Fugiat tempore nemo ea delectus vitae quaerat. Delectus v', '112.701.852-51' );
INSERT INTO tecnico ( especialidade, cpf )
	VALUES ( 'Provident consequatur perspiciatis. Quis quasi dolores odio neque dolor iure vitae. Saepe temporibus aliqui', '930.959.989-35' );
INSERT INTO tecnico ( especialidade, cpf )
	VALUES ( 'Nihil ex ipsa non amet.Facere reiciendis ab quasi aperiam repel', '941.284.044-81' );
INSERT INTO tecnico ( especialidade, cpf )
	VALUES ( 'Reiciendis odio ducimus eligendi quaerat. Dolore reprehenderit eaque harum occaecati qui.', '809.862.903-39' );
INSERT INTO tecnico ( especialidade, cpf )
	VALUES ( 'Molestiae placeat iure deleniti assumenda. Aspernatur est sed corrupti natus consequatur cum. ', '614.850.626-02' );
INSERT INTO tecnico ( especialidade, cpf )
	VALUES ( 'Explicabo asperiores fuga optio unde iure alias natus. Saepe delectus illo numquam quasi ass', '866.030.365-26' );
INSERT INTO tecnico ( especialidade, cpf )
	VALUES ( 'Doloremque voluptate nostrum cum nam culpa dolor. Blanditiis porro ', '849.052.639-96' );
INSERT INTO tecnico ( especialidade, cpf )
	VALUES ( 'Animi magni modi perferendis illum ducimus. Ipsa laudantium quam repudiandae illo.', '035.906.129-91' );

/* TABLE copiloto */
INSERT INTO copiloto ( habilitacao, cpf )
	VALUES ( 'Temporibus n', '789.045.119-08' );
INSERT INTO copiloto ( habilitacao, cpf )
	VALUES ( 'Tempore cupi', '724.417.415-89' );
INSERT INTO copiloto ( habilitacao, cpf )
	VALUES ( 'Dolor laudan', '693.707.504-19' );
INSERT INTO copiloto ( habilitacao, cpf )
	VALUES ( 'Inventore co', '230.908.062-22' );
INSERT INTO copiloto ( habilitacao, cpf )
	VALUES ( 'Illo necessi', '904.573.852-23' );
INSERT INTO copiloto ( habilitacao, cpf )
	VALUES ( 'Incidunt quo', '958.575.876-65' );
INSERT INTO copiloto ( habilitacao, cpf )
	VALUES ( 'Est molestia', '439.007.910-03' );
INSERT INTO copiloto ( habilitacao, cpf )
	VALUES ( 'Dolores mole', '035.906.129-91' );
INSERT INTO copiloto ( habilitacao, cpf )
	VALUES ( 'Consectetur ', '022.084.431-19' );
INSERT INTO copiloto ( habilitacao, cpf )
	VALUES ( 'Numquam a au', '808.129.189-54' );
INSERT INTO copiloto ( habilitacao, cpf )
	VALUES ( 'Sequi ipsam ', '930.959.989-35' );
INSERT INTO copiloto ( habilitacao, cpf )
	VALUES ( 'Laudantium o', '112.701.852-51' );
INSERT INTO copiloto ( habilitacao, cpf )
	VALUES ( 'Similique qu', '836.621.909-29' );
INSERT INTO copiloto ( habilitacao, cpf )
	VALUES ( 'Nihil mollit', '513.693.425-00' );
INSERT INTO copiloto ( habilitacao, cpf )
	VALUES ( 'Corporis com', '609.107.210-10' );
INSERT INTO copiloto ( habilitacao, cpf )
	VALUES ( 'Molestiae al', '598.219.001-03' );
INSERT INTO copiloto ( habilitacao, cpf )
	VALUES ( 'Sed minus ei', '941.284.044-81' );
INSERT INTO copiloto ( habilitacao, cpf )
	VALUES ( 'Culpa quibus', '895.342.722-81' );
INSERT INTO copiloto ( habilitacao, cpf )
	VALUES ( 'Autem quae f', '614.850.626-02' );
INSERT INTO copiloto ( habilitacao, cpf )
	VALUES ( 'Pariatur rep', '866.030.365-26' );
INSERT INTO copiloto ( habilitacao, cpf )
	VALUES ( 'Ipsam fugiat', '576.734.720-68' );
INSERT INTO copiloto ( habilitacao, cpf )
	VALUES ( 'Temporibus q', '238.683.572-15' );
INSERT INTO copiloto ( habilitacao, cpf )
	VALUES ( 'Occaecati oc', '496.918.280-41' );
INSERT INTO copiloto ( habilitacao, cpf )
	VALUES ( 'Sed non dele', '849.052.639-96' );
INSERT INTO copiloto ( habilitacao, cpf )
	VALUES ( 'Saepe perspi', '832.020.577-30' );
INSERT INTO copiloto ( habilitacao, cpf )
	VALUES ( 'Unde nostrum', '284.960.370-77' );
INSERT INTO copiloto ( habilitacao, cpf )
	VALUES ( 'Suscipit ali', '274.989.508-32' );
INSERT INTO copiloto ( habilitacao, cpf )
	VALUES ( 'Reprehenderi', '343.535.420-47' );
INSERT INTO copiloto ( habilitacao, cpf )
	VALUES ( 'Velit invent', '367.062.323-68' );
INSERT INTO copiloto ( habilitacao, cpf )
	VALUES ( 'Deleniti opt', '809.862.903-39' );
INSERT INTO copiloto ( habilitacao, cpf )
	VALUES ( 'Eius unde es', '378.394.255-68' );
INSERT INTO copiloto ( habilitacao, cpf )
	VALUES ( 'Exercitation', '988.402.696-60' );
INSERT INTO copiloto ( habilitacao, cpf )
	VALUES ( 'Blanditiis e', '845.346.471-14' );
INSERT INTO copiloto ( habilitacao, cpf )
	VALUES ( 'Excepturi qu', '315.205.016-64' );
INSERT INTO copiloto ( habilitacao, cpf )
	VALUES ( 'Rerum dolore', '299.163.395-64' );
INSERT INTO copiloto ( habilitacao, cpf )
	VALUES ( 'Suscipit lab', '003.330.017-59' );
INSERT INTO copiloto ( habilitacao, cpf )
	VALUES ( 'Assumenda do', '084.827.345-40' );
INSERT INTO copiloto ( habilitacao, cpf )
	VALUES ( 'Eius delenit', '987.407.016-29' );
INSERT INTO copiloto ( habilitacao, cpf )
	VALUES ( 'Ipsam ration', '003.273.572-61' );
INSERT INTO copiloto ( habilitacao, cpf )
	VALUES ( 'Distinctio a', '323.375.139-50' );

/* TABLE piloto */
INSERT INTO piloto ( habilitacao, cpf )
	VALUES ( 'Reiciendis d', '513.693.425-00' );
INSERT INTO piloto ( habilitacao, cpf )
	VALUES ( 'Aut minus su', '230.908.062-22' );
INSERT INTO piloto ( habilitacao, cpf )
	VALUES ( 'Cumque neces', '284.960.370-77' );
INSERT INTO piloto ( habilitacao, cpf )
	VALUES ( 'Perferendis ', '941.284.044-81' );
INSERT INTO piloto ( habilitacao, cpf )
	VALUES ( 'Nam numquam ', '836.621.909-29' );
INSERT INTO piloto ( habilitacao, cpf )
	VALUES ( 'Voluptatem n', '614.850.626-02' );
INSERT INTO piloto ( habilitacao, cpf )
	VALUES ( 'Modi reprehe', '789.045.119-08' );
INSERT INTO piloto ( habilitacao, cpf )
	VALUES ( 'Minima nihil', '238.683.572-15' );
INSERT INTO piloto ( habilitacao, cpf )
	VALUES ( 'Unde blandit', '609.107.210-10' );
INSERT INTO piloto ( habilitacao, cpf )
	VALUES ( 'Ex consequat', '496.918.280-41' );
INSERT INTO piloto ( habilitacao, cpf )
	VALUES ( 'Soluta autem', '987.407.016-29' );
INSERT INTO piloto ( habilitacao, cpf )
	VALUES ( 'Quis nostrum', '895.342.722-81' );
INSERT INTO piloto ( habilitacao, cpf )
	VALUES ( 'Illo eius na', '022.084.431-19' );
INSERT INTO piloto ( habilitacao, cpf )
	VALUES ( 'Aperiam dolo', '693.707.504-19' );
INSERT INTO piloto ( habilitacao, cpf )
	VALUES ( 'Enim sunt vo', '724.417.415-89' );
INSERT INTO piloto ( habilitacao, cpf )
	VALUES ( 'Neque nemo t', '866.030.365-26' );
INSERT INTO piloto ( habilitacao, cpf )
	VALUES ( 'Exercitation', '003.273.572-61' );
INSERT INTO piloto ( habilitacao, cpf )
	VALUES ( 'Maxime disti', '904.573.852-23' );
INSERT INTO piloto ( habilitacao, cpf )
	VALUES ( 'Quaerat quas', '112.701.852-51' );
INSERT INTO piloto ( habilitacao, cpf )
	VALUES ( 'Occaecati om', '988.402.696-60' );
INSERT INTO piloto ( habilitacao, cpf )
	VALUES ( 'Possimus ita', '035.906.129-91' );
INSERT INTO piloto ( habilitacao, cpf )
	VALUES ( 'Accusamus ip', '958.575.876-65' );
INSERT INTO piloto ( habilitacao, cpf )
	VALUES ( 'Ipsam saepe ', '343.535.420-47' );
INSERT INTO piloto ( habilitacao, cpf )
	VALUES ( 'Maiores at c', '598.219.001-03' );
INSERT INTO piloto ( habilitacao, cpf )
	VALUES ( 'Quod perfere', '378.394.255-68' );
INSERT INTO piloto ( habilitacao, cpf )
	VALUES ( 'Porro optio ', '439.007.910-03' );
INSERT INTO piloto ( habilitacao, cpf )
	VALUES ( 'Voluptates p', '849.052.639-96' );
INSERT INTO piloto ( habilitacao, cpf )
	VALUES ( 'Asperiores r', '832.020.577-30' );
INSERT INTO piloto ( habilitacao, cpf )
	VALUES ( 'Fuga nesciun', '315.205.016-64' );
INSERT INTO piloto ( habilitacao, cpf )
	VALUES ( 'Corrupti lau', '808.129.189-54' );
INSERT INTO piloto ( habilitacao, cpf )
	VALUES ( 'Ab dolorem e', '003.330.017-59' );
INSERT INTO piloto ( habilitacao, cpf )
	VALUES ( 'Dolorem quo ', '930.959.989-35' );
INSERT INTO piloto ( habilitacao, cpf )
	VALUES ( 'Consequatur ', '367.062.323-68' );
INSERT INTO piloto ( habilitacao, cpf )
	VALUES ( 'A in ea offi', '809.862.903-39' );
INSERT INTO piloto ( habilitacao, cpf )
	VALUES ( 'Molestias as', '299.163.395-64' );
INSERT INTO piloto ( habilitacao, cpf )
	VALUES ( 'Nihil ipsum ', '576.734.720-68' );
INSERT INTO piloto ( habilitacao, cpf )
	VALUES ( 'Dolores dolo', '084.827.345-40' );
INSERT INTO piloto ( habilitacao, cpf )
	VALUES ( 'Vero volupta', '274.989.508-32' );
INSERT INTO piloto ( habilitacao, cpf )
	VALUES ( 'Ea magni eve', '323.375.139-50' );
INSERT INTO piloto ( habilitacao, cpf )
	VALUES ( 'Fuga cupidit', '845.346.471-14' );

/* TABLE assistente */
INSERT INTO assistente ( cpf )
	VALUES ( '323.375.139-50' );
INSERT INTO assistente ( cpf )
	VALUES ( '003.330.017-59' );
INSERT INTO assistente ( cpf )
	VALUES ( '112.701.852-51' );
INSERT INTO assistente ( cpf )
	VALUES ( '284.960.370-77' );
INSERT INTO assistente ( cpf )
	VALUES ( '836.621.909-29' );
INSERT INTO assistente ( cpf )
	VALUES ( '299.163.395-64' );
INSERT INTO assistente ( cpf )
	VALUES ( '614.850.626-02' );
INSERT INTO assistente ( cpf )
	VALUES ( '832.020.577-30' );
INSERT INTO assistente ( cpf )
	VALUES ( '930.959.989-35' );
INSERT INTO assistente ( cpf )
	VALUES ( '988.402.696-60' );
INSERT INTO assistente ( cpf )
	VALUES ( '866.030.365-26' );
INSERT INTO assistente ( cpf )
	VALUES ( '035.906.129-91' );
INSERT INTO assistente ( cpf )
	VALUES ( '895.342.722-81' );
INSERT INTO assistente ( cpf )
	VALUES ( '238.683.572-15' );
INSERT INTO assistente ( cpf )
	VALUES ( '845.346.471-14' );
INSERT INTO assistente ( cpf )
	VALUES ( '693.707.504-19' );
INSERT INTO assistente ( cpf )
	VALUES ( '378.394.255-68' );
INSERT INTO assistente ( cpf )
	VALUES ( '808.129.189-54' );
INSERT INTO assistente ( cpf )
	VALUES ( '789.045.119-08' );
INSERT INTO assistente ( cpf )
	VALUES ( '609.107.210-10' );
INSERT INTO assistente ( cpf )
	VALUES ( '576.734.720-68' );
INSERT INTO assistente ( cpf )
	VALUES ( '809.862.903-39' );
INSERT INTO assistente ( cpf )
	VALUES ( '724.417.415-89' );
INSERT INTO assistente ( cpf )
	VALUES ( '941.284.044-81' );
INSERT INTO assistente ( cpf )
	VALUES ( '958.575.876-65' );
INSERT INTO assistente ( cpf )
	VALUES ( '315.205.016-64' );
INSERT INTO assistente ( cpf )
	VALUES ( '496.918.280-41' );
INSERT INTO assistente ( cpf )
	VALUES ( '849.052.639-96' );
INSERT INTO assistente ( cpf )
	VALUES ( '084.827.345-40' );
INSERT INTO assistente ( cpf )
	VALUES ( '230.908.062-22' );
INSERT INTO assistente ( cpf )
	VALUES ( '513.693.425-00' );
INSERT INTO assistente ( cpf )
	VALUES ( '367.062.323-68' );
INSERT INTO assistente ( cpf )
	VALUES ( '904.573.852-23' );
INSERT INTO assistente ( cpf )
	VALUES ( '003.273.572-61' );
INSERT INTO assistente ( cpf )
	VALUES ( '274.989.508-32' );
INSERT INTO assistente ( cpf )
	VALUES ( '343.535.420-47' );
INSERT INTO assistente ( cpf )
	VALUES ( '439.007.910-03' );
INSERT INTO assistente ( cpf )
	VALUES ( '987.407.016-29' );
INSERT INTO assistente ( cpf )
	VALUES ( '598.219.001-03' );
INSERT INTO assistente ( cpf )
	VALUES ( '022.084.431-19' );

/* TABLE opCamera */
INSERT INTO opCamera ( inicioCarreira, cpf )
	VALUES ( to_date ('2010-04-09', 'YYYY-MM-DD'), '598.219.001-03' );
INSERT INTO opCamera ( inicioCarreira, cpf )
	VALUES ( to_date ('2009-05-13', 'YYYY-MM-DD'), '238.683.572-15' );
INSERT INTO opCamera ( inicioCarreira, cpf )
	VALUES ( to_date ('2001-07-20', 'YYYY-MM-DD'), '808.129.189-54' );
INSERT INTO opCamera ( inicioCarreira, cpf )
	VALUES ( to_date ('2013-01-04', 'YYYY-MM-DD'), '343.535.420-47' );
INSERT INTO opCamera ( inicioCarreira, cpf )
	VALUES ( to_date ('2011-04-20', 'YYYY-MM-DD'), '693.707.504-19' );
INSERT INTO opCamera ( inicioCarreira, cpf )
	VALUES ( to_date ('2006-04-02', 'YYYY-MM-DD'), '367.062.323-68' );
INSERT INTO opCamera ( inicioCarreira, cpf )
	VALUES ( to_date ('2007-01-06', 'YYYY-MM-DD'), '904.573.852-23' );
INSERT INTO opCamera ( inicioCarreira, cpf )
	VALUES ( to_date ('2009-08-08', 'YYYY-MM-DD'), '496.918.280-41' );
INSERT INTO opCamera ( inicioCarreira, cpf )
	VALUES ( to_date ('2014-01-10', 'YYYY-MM-DD'), '941.284.044-81' );
INSERT INTO opCamera ( inicioCarreira, cpf )
	VALUES ( to_date ('2017-07-08', 'YYYY-MM-DD'), '614.850.626-02' );
INSERT INTO opCamera ( inicioCarreira, cpf )
	VALUES ( to_date ('2008-05-21', 'YYYY-MM-DD'), '284.960.370-77' );
INSERT INTO opCamera ( inicioCarreira, cpf )
	VALUES ( to_date ('2004-03-08', 'YYYY-MM-DD'), '323.375.139-50' );
INSERT INTO opCamera ( inicioCarreira, cpf )
	VALUES ( to_date ('2011-05-24', 'YYYY-MM-DD'), '836.621.909-29' );
INSERT INTO opCamera ( inicioCarreira, cpf )
	VALUES ( to_date ('2005-03-14', 'YYYY-MM-DD'), '609.107.210-10' );
INSERT INTO opCamera ( inicioCarreira, cpf )
	VALUES ( to_date ('2011-06-06', 'YYYY-MM-DD'), '003.330.017-59' );
INSERT INTO opCamera ( inicioCarreira, cpf )
	VALUES ( to_date ('2014-03-15', 'YYYY-MM-DD'), '513.693.425-00' );
INSERT INTO opCamera ( inicioCarreira, cpf )
	VALUES ( to_date ('2008-03-13', 'YYYY-MM-DD'), '845.346.471-14' );
INSERT INTO opCamera ( inicioCarreira, cpf )
	VALUES ( to_date ('2005-07-11', 'YYYY-MM-DD'), '230.908.062-22' );
INSERT INTO opCamera ( inicioCarreira, cpf )
	VALUES ( to_date ('2001-01-27', 'YYYY-MM-DD'), '003.273.572-61' );
INSERT INTO opCamera ( inicioCarreira, cpf )
	VALUES ( to_date ('2018-01-23', 'YYYY-MM-DD'), '809.862.903-39' );
INSERT INTO opCamera ( inicioCarreira, cpf )
	VALUES ( to_date ('2002-10-30', 'YYYY-MM-DD'), '724.417.415-89' );
INSERT INTO opCamera ( inicioCarreira, cpf )
	VALUES ( to_date ('2012-08-05', 'YYYY-MM-DD'), '378.394.255-68' );
INSERT INTO opCamera ( inicioCarreira, cpf )
	VALUES ( to_date ('2011-01-25', 'YYYY-MM-DD'), '930.959.989-35' );
INSERT INTO opCamera ( inicioCarreira, cpf )
	VALUES ( to_date ('2014-10-06', 'YYYY-MM-DD'), '439.007.910-03' );
INSERT INTO opCamera ( inicioCarreira, cpf )
	VALUES ( to_date ('2006-09-28', 'YYYY-MM-DD'), '988.402.696-60' );
INSERT INTO opCamera ( inicioCarreira, cpf )
	VALUES ( to_date ('2005-10-19', 'YYYY-MM-DD'), '987.407.016-29' );
INSERT INTO opCamera ( inicioCarreira, cpf )
	VALUES ( to_date ('2018-09-05', 'YYYY-MM-DD'), '958.575.876-65' );
INSERT INTO opCamera ( inicioCarreira, cpf )
	VALUES ( to_date ('2009-01-08', 'YYYY-MM-DD'), '895.342.722-81' );
INSERT INTO opCamera ( inicioCarreira, cpf )
	VALUES ( to_date ('2018-05-13', 'YYYY-MM-DD'), '084.827.345-40' );
INSERT INTO opCamera ( inicioCarreira, cpf )
	VALUES ( to_date ('2004-07-26', 'YYYY-MM-DD'), '849.052.639-96' );
INSERT INTO opCamera ( inicioCarreira, cpf )
	VALUES ( to_date ('2016-01-02', 'YYYY-MM-DD'), '832.020.577-30' );
INSERT INTO opCamera ( inicioCarreira, cpf )
	VALUES ( to_date ('2009-06-09', 'YYYY-MM-DD'), '576.734.720-68' );
INSERT INTO opCamera ( inicioCarreira, cpf )
	VALUES ( to_date ('2015-11-21', 'YYYY-MM-DD'), '299.163.395-64' );
INSERT INTO opCamera ( inicioCarreira, cpf )
	VALUES ( to_date ('2018-10-05', 'YYYY-MM-DD'), '035.906.129-91' );
INSERT INTO opCamera ( inicioCarreira, cpf )
	VALUES ( to_date ('2013-02-03', 'YYYY-MM-DD'), '274.989.508-32' );
INSERT INTO opCamera ( inicioCarreira, cpf )
	VALUES ( to_date ('2002-03-20', 'YYYY-MM-DD'), '315.205.016-64' );
INSERT INTO opCamera ( inicioCarreira, cpf )
	VALUES ( to_date ('2012-03-19', 'YYYY-MM-DD'), '789.045.119-08' );
INSERT INTO opCamera ( inicioCarreira, cpf )
	VALUES ( to_date ('2007-07-03', 'YYYY-MM-DD'), '112.701.852-51' );
INSERT INTO opCamera ( inicioCarreira, cpf )
	VALUES ( to_date ('2007-11-25', 'YYYY-MM-DD'), '866.030.365-26' );
INSERT INTO opCamera ( inicioCarreira, cpf )
	VALUES ( to_date ('2011-01-15', 'YYYY-MM-DD'), '022.084.431-19' );

/* TABLE equipamento */
INSERT INTO equipamento ( modelo, nome, quantidade, tipo, descricao, marca )
	VALUES ( 'Consectetur officia optio labore ratione architecto fugiat. Vol', 'Lorena da Rocha', 883554, 'CAMERA', 'Quaerat repellat totam eos esse quisquam. Inventore ab praesentium incidunt illo nostrum. Repellendus soluta praesentium exercitationem. Unde provident enim facilis asperiores', 'Dolore harum deserunt ni' );
INSERT INTO equipamento ( modelo, nome, quantidade, tipo, descricao, marca )
	VALUES ( 'Maiores expedita quae id earum vel provident. Iure', 'Beatriz Dias', 150908, 'ESTRUTURACAO', 'Dolore ipsa velit nulla aspernatur nam facilis', 'Alias quis sed dicta. Modi' );
INSERT INTO equipamento ( modelo, nome, quantidade, tipo, descricao, marca )
	VALUES ( 'Earum consequatur incidunt atque tenetur minima vel', 'Emanuel das Neves', 375719, 'ESTRUTURACAO', 'Doloremque qui qui asperiores voluptate beatae. Voluptas dignissimos aperiam eveniet architecto et neque. Asperiores voluptatibus amet assumenda repudiandae assumenda', 'Minus amet magnam s' );
INSERT INTO equipamento ( modelo, nome, quantidade, tipo, descricao, marca )
	VALUES ( 'Illo minima aliquid voluptatibus dolores e', 'Mariane Rezende', 121254, 'CAMERA', 'Earum perferendis numquam nemo rem dolor non. Eum nesciunt quos nesciunt iste. Dolor ea id aut. Facilis dolorum quia vel repellendus ex quae', 'Similique distinctio ' );
INSERT INTO equipamento ( modelo, nome, quantidade, tipo, descricao, marca )
	VALUES ( 'Saepe temporibus animi nihil optio. Velit fugit quas impedit la', 'Yasmin Freitas', 759555, 'SONORIZACAO', 'Debitis autem et quidem voluptatem ut rem. Iusto nihil eos mollitia', 'Expedita expedita mol' );
INSERT INTO equipamento ( modelo, nome, quantidade, tipo, descricao, marca )
	VALUES ( 'Neque recusandae aliquam nam optio cumque. Optio tempora sit', 'Amanda Araújo', 355054, 'SONORIZACAO', 'Quibusdam provident quod asperiores recusandae. Magni molestias nihil quasi. Reiciendis eum sunt modi', 'Molestias minima' );
INSERT INTO equipamento ( modelo, nome, quantidade, tipo, descricao, marca )
	VALUES ( 'Asperiores a doloribus quibusdam repellat. Amet repellat quis', 'Srta. Alexia Costa', 312586, 'DRONE', 'Exercitationem reiciendis sapiente ut earum inventore optio. Ab iste eius ex esse ducimus dignissimos', 'Id tenetur incidunt ' );
INSERT INTO equipamento ( modelo, nome, quantidade, tipo, descricao, marca )
	VALUES ( 'Incidunt dolor quae quidem repellendus quas dignissimos.', 'Thales Freitas', 880646, 'CAMERA', 'Velit minus necessitatibus unde ea officiis accusantium. Nostrum voluptas ipsam illo perferendis', 'Fugiat accusamus quisquam be' );
INSERT INTO equipamento ( modelo, nome, quantidade, tipo, descricao, marca )
	VALUES ( 'Omnis doloremque error. Odit omnis odio impedit q', 'Isabella Lima', 384279, 'CAMERA', 'Cum esse fugiat sapiente. Veritatis omnis pariatur necessitatibus necessitatibus. Sed ea minima nostrum reprehenderit', 'Iste quo culpa id odio. Laud' );
INSERT INTO equipamento ( modelo, nome, quantidade, tipo, descricao, marca )
	VALUES ( 'Voluptate odit architecto suscip', 'Samuel Novaes', 376863, 'ESTRUTURACAO', 'Dolores harum natus dolor. Ducimus vel temporibus numquam nemo. Occaecati libero officiis hic minus. Quae atque aliquam ipsum magni nulla. At mollitia modi beatae', 'Amet ipsa dolorem perferendis d' );
INSERT INTO equipamento ( modelo, nome, quantidade, tipo, descricao, marca )
	VALUES ( 'Fugiat accusantium placeat natus aperiam.', 'Gustavo Costela', 411195, 'ESTRUTURACAO', 'Aperiam repellat nemo iusto. Veniam officia itaque aut sequi dignissimos alias. Dolores ut fugiat veritatis sed occaecati atque. Unde cum rerum libero incidunt', 'Ducimus similique iure magnam.' );
INSERT INTO equipamento ( modelo, nome, quantidade, tipo, descricao, marca )
	VALUES ( 'Distinctio minus autem corporis autem. P', 'Igor Campos', 695215, 'SONORIZACAO', 'Corporis nobis rerum veritatis quia itaque totam voluptatum. Minima est qui. Accusantium eos fugiat quaerat. Laudantium exercitationem unde vero quaerat quis', 'Vero sed numquam' );
INSERT INTO equipamento ( modelo, nome, quantidade, tipo, descricao, marca )
	VALUES ( 'Dicta deserunt nesciunt qui necessit', 'Srta. Heloísa Martins', 328786, 'DRONE', 'Dolorum necessitatibus quidem velit. Ipsum numquam nesciunt maiores corrupti veniam magnam. Vitae ex praesentium amet', 'Dolorum ut quia. Eum' );
INSERT INTO equipamento ( modelo, nome, quantidade, tipo, descricao, marca )
	VALUES ( 'Explicabo excepturi odio inventore nobis f', 'Mirella FariasFernandes', 591442, 'ESTRUTURACAO', 'Totam commodi fugit voluptates error consequuntur. At laboriosam amet. Quo deleniti nostrum facilis', 'Quam repellat dolorem ' );
INSERT INTO equipamento ( modelo, nome, quantidade, tipo, descricao, marca )
	VALUES ( 'Consectetur alias molestias ratione culpa asperiores. Eaque ', 'Luna Vieira', 144899, 'CAMERA', 'Quis sit assumenda dolores quis impedit debitis. Dolor non blanditiis earum perspiciatis cum', 'Aperiam at volupta' );
INSERT INTO equipamento ( modelo, nome, quantidade, tipo, descricao, marca )
	VALUES ( 'Totam rem qui quibusdam eius voluptatibus', 'Gabriel Duarte', 149070, 'SONORIZACAO', 'Laudantium vitae debitis quisquam eveniet hic. Ipsum repellat doloremque quaerat. Nihil temporibus delectus sed ea minus hic', 'Illum doloribus atq' );
INSERT INTO equipamento ( modelo, nome, quantidade, tipo, descricao, marca )
	VALUES ( 'Ducimus recusandae incidunt. Natus fuga exer', 'Pietro Barros', 490072, 'SONORIZACAO', 'Fugiat accusamus pariatur at error aspernatur assumenda. Consequuntur minima aut perferendis', 'Ipsum ducimus occaecati e' );
INSERT INTO equipamento ( modelo, nome, quantidade, tipo, descricao, marca )
	VALUES ( 'Recusandae id animi repellendus. Magni molestiae aliqu', 'Renan da Cunha', 438753, 'DRONE', 'Quam voluptatibus cumque saepe. Expedita dolor corporis voluptates deserunt. Atque saepe ab consequuntur dolores necessitatibus laborum. Quas recusandae aliquam nobis illo similique', 'Dolores veniam quod dolo' );
INSERT INTO equipamento ( modelo, nome, quantidade, tipo, descricao, marca )
	VALUES ( 'Recusandae soluta recusandae ducimu', 'Laura Vieira', 159607, 'CAMERA', 'Temporibus facilis magni veritatis optio ipsam. Voluptate odit nesciunt fuga', 'Magnam minima fa' );
INSERT INTO equipamento ( modelo, nome, quantidade, tipo, descricao, marca )
	VALUES ( 'Ad fugiat eaque magnam ab fugit. Eos ', 'Stephany Pinto', 447059, 'ESTRUTURACAO', 'Vel accusamus recusandae. Nobis accusantium quisquam omnis', 'Numquam fugit ut ' );
INSERT INTO equipamento ( modelo, nome, quantidade, tipo, descricao, marca )
	VALUES ( 'Assumenda illo cumque itaque itaque voluptatem ver', 'Srta. Gabrielly Campos', 543609, 'SONORIZACAO', 'Cum consectetur accusantium cum assumenda ipsum. Ducimus quibusdam perferendis harum. Veritatis recusandae sapiente', 'Quod iste aspernatur. Rem eni' );
INSERT INTO equipamento ( modelo, nome, quantidade, tipo, descricao, marca )
	VALUES ( 'Vero exercitationem impedit hic minus voluptat', 'Luiz Gustavo Azevedo', 537088, 'CAMERA', 'Voluptate accusamus molestias illo voluptate accusamus laudantium. Vero nihil impedit sed in perspiciatis odio', 'Illum nulla suscipit itaque mai' );
INSERT INTO equipamento ( modelo, nome, quantidade, tipo, descricao, marca )
	VALUES ( 'Autem facilis quod. Ipsum possimus nihil', 'João Pedro Fogaça', 468983, 'CAMERA', 'Dolor accusantium aspernatur repellendus sapiente ipsum. Cumque fuga asperiores ipsa tempore. Dolorem maiores repudiandae praesentium excepturi quaerat tempora', 'Natus voluptatum q' );
INSERT INTO equipamento ( modelo, nome, quantidade, tipo, descricao, marca )
	VALUES ( 'Ipsam officia non rem et dolore magnam. Vel sapiente', 'Caroline da Cunha', 647745, 'SONORIZACAO', 'Quae porro eos corporis. Quia tempora quisquam. Nihil doloribus sit dicta dolorem quaerat veritatis. Consectetur inventore corporis quae magnam ex maxime', 'Corrupti perspiciatis del' );
INSERT INTO equipamento ( modelo, nome, quantidade, tipo, descricao, marca )
	VALUES ( 'Minus similique dolore non nesciunt incidunt sunt. Nobis rem ', 'Maysa Cardoso,', 454730, 'CAMERA', 'Cupiditate at illo itaque. Architecto illo a dolores facilis earum accusantium. Inventore exercitationem voluptatem qui. Fugit asperiores qui impedit ex unde', 'Quia laudantium inci' );
INSERT INTO equipamento ( modelo, nome, quantidade, tipo, descricao, marca )
	VALUES ( 'Nesciunt maiores corrupti velit repellendus ame', 'Bruno Azevedo', 708701, 'CAMERA', 'Libero autem debitis modi quae ducimus libero autem. Amet ducimus laborum eligendi tenetur. Aut numquam ipsa voluptates velit', 'Dicta magni architect' );
INSERT INTO equipamento ( modelo, nome, quantidade, tipo, descricao, marca )
	VALUES ( 'Fugiat voluptates voluptate eius ea', 'Luiz Fernando Correia', 840572, 'ESTRUTURACAO', 'Labore nisi cum deserunt. Adipisci ipsam iure. Quibusdam laudantium tempore quisquam. Quo aperiam rem porro repellendus', 'Adipisci quisquam' );
INSERT INTO equipamento ( modelo, nome, quantidade, tipo, descricao, marca )
	VALUES ( 'Reprehenderit temporibus odit susci', 'Benício Jesus', 104167, 'CAMERA', 'Hic iusto qui libero qui deserunt voluptatibus. Alias suscipit nesciunt enim. Voluptates reiciendis nobis iste reprehenderit distinctio quod', 'Doloribus porro in' );
INSERT INTO equipamento ( modelo, nome, quantidade, tipo, descricao, marca )
	VALUES ( 'Qui aspernatur debitis laboriosam esse eos consequatur', 'Theo Martins', 487941, 'ESTRUTURACAO', 'Quibusdam voluptates quod deleniti iste aliquam. Esse quod beatae dignissimos dolore odio facere. Voluptatem dolores doloribus recusandae corrupti eos accusamus', 'Aliquid optio ear' );
INSERT INTO equipamento ( modelo, nome, quantidade, tipo, descricao, marca )
	VALUES ( 'Eum facere voluptate suscipit alias eaque. Veniam rep', 'Guilherme da Rocha', 660411, 'SONORIZACAO', 'Voluptate itaque impedit perspiciatis veritatis. Quam tempora cum explicabo fuga. Delectus beatae quidem soluta. Magnam reiciendis id ipsum ut qui doloremque', 'Alias excepturi numquam pariat' );
INSERT INTO equipamento ( modelo, nome, quantidade, tipo, descricao, marca )
	VALUES ( 'Adipisci quas blanditiis et reiciendis atque. Quas exe', 'Francisco da Paz', 365395, 'ESTRUTURACAO', 'Voluptate perferendis modi deserunt temporibus nemo dolores nostrum. Dicta dignissimos quo facere. Facere rerum quis quae. Voluptatibus sint qui debitis incidunt facilis alias maiores', 'Ad corrupti porro. Odit n' );
INSERT INTO equipamento ( modelo, nome, quantidade, tipo, descricao, marca )
	VALUES ( 'Quis dolorem officia facilis facilis doloribus. Suscipit susci', 'Pedro Miguel Moraes', 122813, 'ESTRUTURACAO', 'Non suscipit architecto eos. Nemo dicta eaque quasi libero doloribus. Molestias autem facere quisquam corrupti fuga distinctio adipisci. Sunt reiciendis libero magnam', 'Asperiores laboriosam minima vo' );
INSERT INTO equipamento ( modelo, nome, quantidade, tipo, descricao, marca )
	VALUES ( 'Iusto voluptas nemo. Voluptatem labore di', 'Isadora Mendes', 137928, 'CAMERA', 'Eius dicta doloremque veniam sit iste. Repudiandae facilis omnis perspiciatis tempora. Aperiam quisquam repellendus est velit numquam expedita', 'Veniam eum nobis ea. Si' );
INSERT INTO equipamento ( modelo, nome, quantidade, tipo, descricao, marca )
	VALUES ( 'Dolorum enim officiis magnam veritatis ', 'Isadora da Luz', 544262, 'CAMERA', 'Accusantium esse iure minus voluptate. Nemo facilis vero repudiandae. Voluptates quos ea tenetur expedita consequuntur aut. Excepturi repudiandae non ut', 'Consectetur beatae incidunt p' );
INSERT INTO equipamento ( modelo, nome, quantidade, tipo, descricao, marca )
	VALUES ( 'Dolore harum quaerat expedita fugiat. Off', 'Rafael da Conceição', 268038, 'SONORIZACAO', 'Necessitatibus beatae perferendis culpa distinctio sint. Harum soluta neque veritatis nemo maxime. Voluptatem adipisci non qui voluptatum. Blanditiis consequuntur odit officiis sint ab vel', 'Nesciunt officia' );
INSERT INTO equipamento ( modelo, nome, quantidade, tipo, descricao, marca )
	VALUES ( 'Aspernatur perspiciatis esse ad.', 'Ian Gomes', 455566, 'CAMERA', 'Quo officiis perspiciatis in quasi numquam. Molestiae alias corrupti ad ex ducimus a. Laudantium nam eligendi itaque cumque consequatur tenetur', 'Doloremque dicta ' );
INSERT INTO equipamento ( modelo, nome, quantidade, tipo, descricao, marca )
	VALUES ( 'Labore ipsum voluptatum voluptatum illo. Ac', 'Emilly Pires', 821206, 'ESTRUTURACAO', 'Magni sapiente libero esse. Tenetur placeat excepturi ut blanditiis veniam cum. Doloremque doloribus animi ipsa adipisci fugiat exercitationem', 'Nesciunt ut distinctio e' );
INSERT INTO equipamento ( modelo, nome, quantidade, tipo, descricao, marca )
	VALUES ( 'Maiores sunt dolor maiores nihil. M', 'Nathan Cardoso,', 658531, 'DRONE', 'Debitis numquam repellendus. Occaecati ipsam doloribus asperiores sunt iusto doloremque aliquam. Error possimus aut', 'A unde saepe fugiat deleniti d' );
INSERT INTO equipamento ( modelo, nome, quantidade, tipo, descricao, marca )
	VALUES ( 'Ratione quae tenetur praesentium pariatur quia beatae of', 'Fernando Freitas', 467311, 'CAMERA', 'Veniam quisquam consequatur accusamus sapiente. Quis animi nobis quas', 'Maxime itaque vel' );
INSERT INTO equipamento ( modelo, nome, quantidade, tipo, descricao, marca )
	VALUES ( 'Sint at sint eos nobis. Minima nulla', 'Sra. Maria Sophia Nascimento', 355731, 'CAMERA', 'Quae ut ratione fuga in. Ex quo molestias. Dolores fuga consectetur quae. In autem accusantium iusto eius ipsum praesentium', 'Amet doloribus un' );
/* NULL INSERTION FOR ATTRIBUTE descricao AT TABLE equipamento  */
 INSERT INTO equipamento ( modelo, nome, quantidade, tipo, descricao, marca )
	VALUES ( 'Consectetur sunt dolores explicabo corrupti fuga alias.', 'Melissa Azevedo', 138286, 'SONORIZACAO', NULL, 'Soluta praesentium offic' );
/* NULL INSERTION FOR ATTRIBUTE marca AT TABLE equipamento  */
 INSERT INTO equipamento ( modelo, nome, quantidade, tipo, descricao, marca )
	VALUES ( 'Quas quidem molestias quos. Quis dolor corporis sa', 'Kamilly Peixoto', 883551, 'DRONE', 'Odit totam ab quisquam. Officiis illo nesciunt quod itaque nisi. Minus ex aut tempora', NULL );

/* TABLE estruturacao */
INSERT INTO estruturacao ( id )
	VALUES ( 30 );
INSERT INTO estruturacao ( id )
	VALUES ( 4 );
INSERT INTO estruturacao ( id )
	VALUES ( 3 );
INSERT INTO estruturacao ( id )
	VALUES ( 29 );
INSERT INTO estruturacao ( id )
	VALUES ( 1 );
INSERT INTO estruturacao ( id )
	VALUES ( 37 );
INSERT INTO estruturacao ( id )
	VALUES ( 20 );
INSERT INTO estruturacao ( id )
	VALUES ( 40 );
INSERT INTO estruturacao ( id )
	VALUES ( 33 );
INSERT INTO estruturacao ( id )
	VALUES ( 26 );
INSERT INTO estruturacao ( id )
	VALUES ( 17 );
INSERT INTO estruturacao ( id )
	VALUES ( 7 );
INSERT INTO estruturacao ( id )
	VALUES ( 34 );
INSERT INTO estruturacao ( id )
	VALUES ( 28 );
INSERT INTO estruturacao ( id )
	VALUES ( 2 );
INSERT INTO estruturacao ( id )
	VALUES ( 32 );
INSERT INTO estruturacao ( id )
	VALUES ( 31 );
INSERT INTO estruturacao ( id )
	VALUES ( 5 );
INSERT INTO estruturacao ( id )
	VALUES ( 24 );
INSERT INTO estruturacao ( id )
	VALUES ( 15 );
INSERT INTO estruturacao ( id )
	VALUES ( 23 );
INSERT INTO estruturacao ( id )
	VALUES ( 25 );
INSERT INTO estruturacao ( id )
	VALUES ( 27 );
INSERT INTO estruturacao ( id )
	VALUES ( 12 );
INSERT INTO estruturacao ( id )
	VALUES ( 6 );
INSERT INTO estruturacao ( id )
	VALUES ( 39 );
INSERT INTO estruturacao ( id )
	VALUES ( 11 );
INSERT INTO estruturacao ( id )
	VALUES ( 13 );
INSERT INTO estruturacao ( id )
	VALUES ( 18 );
INSERT INTO estruturacao ( id )
	VALUES ( 16 );
INSERT INTO estruturacao ( id )
	VALUES ( 38 );
INSERT INTO estruturacao ( id )
	VALUES ( 14 );
INSERT INTO estruturacao ( id )
	VALUES ( 9 );
INSERT INTO estruturacao ( id )
	VALUES ( 8 );
INSERT INTO estruturacao ( id )
	VALUES ( 19 );
INSERT INTO estruturacao ( id )
	VALUES ( 10 );
INSERT INTO estruturacao ( id )
	VALUES ( 21 );
INSERT INTO estruturacao ( id )
	VALUES ( 22 );
INSERT INTO estruturacao ( id )
	VALUES ( 35 );
INSERT INTO estruturacao ( id )
	VALUES ( 36 );

/* TABLE drone */
INSERT INTO drone ( tempoMaxVoo, id, alcanceRemoto, fonteAlimentacao )
	VALUES ( 824131, 20, 795247, 'Dolores vitae necessitatibus laboriosam. Tenet' );
INSERT INTO drone ( tempoMaxVoo, id, alcanceRemoto, fonteAlimentacao )
	VALUES ( 492412, 37, 283837, 'Magnam quisquam nesciunt consectetur sit. Error laborum rem r' );
INSERT INTO drone ( tempoMaxVoo, id, alcanceRemoto, fonteAlimentacao )
	VALUES ( 422122, 14, 507232, 'Id rem quos. Est autem inventore occa' );
INSERT INTO drone ( tempoMaxVoo, id, alcanceRemoto, fonteAlimentacao )
	VALUES ( 718183, 15, 244084, 'Dolore amet harum maxime recusandae ' );
INSERT INTO drone ( tempoMaxVoo, id, alcanceRemoto, fonteAlimentacao )
	VALUES ( 636985, 28, 554080, 'Eius laboriosam exercitationem ipsa impedi' );
INSERT INTO drone ( tempoMaxVoo, id, alcanceRemoto, fonteAlimentacao )
	VALUES ( 775271, 18, 426481, 'Nobis voluptates omnis repudiandae culpa repudiandae ipsam. To' );
INSERT INTO drone ( tempoMaxVoo, id, alcanceRemoto, fonteAlimentacao )
	VALUES ( 447302, 31, 215540, 'Amet rem libero blanditiis possimus esse similique. Corru' );
INSERT INTO drone ( tempoMaxVoo, id, alcanceRemoto, fonteAlimentacao )
	VALUES ( 206396, 21, 662289, 'Vitae nobis sunt consequatur aut sunt minima consequatur.' );
INSERT INTO drone ( tempoMaxVoo, id, alcanceRemoto, fonteAlimentacao )
	VALUES ( 726724, 26, 375058, 'Ullam culpa expedita accusantium c' );
INSERT INTO drone ( tempoMaxVoo, id, alcanceRemoto, fonteAlimentacao )
	VALUES ( 702211, 4, 504134, 'Tempora rerum reprehenderit ipsum deserunt. ' );
INSERT INTO drone ( tempoMaxVoo, id, alcanceRemoto, fonteAlimentacao )
	VALUES ( 231169, 16, 484373, 'Natus autem fugiat est. Dicta impedit cupiditate itaque duc' );
INSERT INTO drone ( tempoMaxVoo, id, alcanceRemoto, fonteAlimentacao )
	VALUES ( 258852, 39, 610380, 'Corporis saepe quam qui maiores dicta. Dolorum maxime ab' );
INSERT INTO drone ( tempoMaxVoo, id, alcanceRemoto, fonteAlimentacao )
	VALUES ( 483046, 5, 225874, 'Tempore ratione culpa maxime quis aperiam' );
INSERT INTO drone ( tempoMaxVoo, id, alcanceRemoto, fonteAlimentacao )
	VALUES ( 200472, 32, 300709, 'Incidunt molestiae repellendus quo laborum distinctio d' );
INSERT INTO drone ( tempoMaxVoo, id, alcanceRemoto, fonteAlimentacao )
	VALUES ( 520953, 13, 811256, 'Quam assumenda voluptatibus a ipsam sint culpa d' );
INSERT INTO drone ( tempoMaxVoo, id, alcanceRemoto, fonteAlimentacao )
	VALUES ( 878335, 34, 667806, 'Eius qui laudantium voluptate quis corrup' );
INSERT INTO drone ( tempoMaxVoo, id, alcanceRemoto, fonteAlimentacao )
	VALUES ( 748775, 8, 461595, 'Deleniti porro excepturi ratione id p' );
INSERT INTO drone ( tempoMaxVoo, id, alcanceRemoto, fonteAlimentacao )
	VALUES ( 457848, 27, 762161, 'Illum quos assumenda quos. Volupta' );
INSERT INTO drone ( tempoMaxVoo, id, alcanceRemoto, fonteAlimentacao )
	VALUES ( 259429, 12, 646236, 'Fuga vitae dignissimos molestias. Magnam au' );
INSERT INTO drone ( tempoMaxVoo, id, alcanceRemoto, fonteAlimentacao )
	VALUES ( 255912, 10, 741476, 'Eveniet perferendis hic quaerat eius.' );
INSERT INTO drone ( tempoMaxVoo, id, alcanceRemoto, fonteAlimentacao )
	VALUES ( 381818, 25, 462486, 'Sint molestias eaque illo porro quam quidem. Voluptatibus' );
INSERT INTO drone ( tempoMaxVoo, id, alcanceRemoto, fonteAlimentacao )
	VALUES ( 522244, 35, 627969, 'Officia tempora rem neque nostrum voluptatem ar' );
INSERT INTO drone ( tempoMaxVoo, id, alcanceRemoto, fonteAlimentacao )
	VALUES ( 516986, 30, 153423, 'Eligendi et quaerat laboriosam offi' );
INSERT INTO drone ( tempoMaxVoo, id, alcanceRemoto, fonteAlimentacao )
	VALUES ( 579443, 17, 254873, 'Veritatis neque debitis alias neces' );
INSERT INTO drone ( tempoMaxVoo, id, alcanceRemoto, fonteAlimentacao )
	VALUES ( 289363, 11, 584333, 'Rerum recusandae voluptatem pariatur quod eligendi. Volu' );
INSERT INTO drone ( tempoMaxVoo, id, alcanceRemoto, fonteAlimentacao )
	VALUES ( 228411, 33, 515060, 'Dignissimos cumque consequatur iure. Tempore accusam' );
INSERT INTO drone ( tempoMaxVoo, id, alcanceRemoto, fonteAlimentacao )
	VALUES ( 355047, 24, 456765, 'Similique reiciendis velit reprehenderit ' );
INSERT INTO drone ( tempoMaxVoo, id, alcanceRemoto, fonteAlimentacao )
	VALUES ( 372941, 3, 619395, 'Voluptatibus ea natus ex. Ipsam fuga sint hic ' );
INSERT INTO drone ( tempoMaxVoo, id, alcanceRemoto, fonteAlimentacao )
	VALUES ( 326547, 38, 583230, 'Corporis dignissimos vero ipsum quidem. Quia quam amet s' );
INSERT INTO drone ( tempoMaxVoo, id, alcanceRemoto, fonteAlimentacao )
	VALUES ( 568710, 40, 786668, 'Alias iusto atque impedit id. Quos quibusdam atque. Molliti' );
INSERT INTO drone ( tempoMaxVoo, id, alcanceRemoto, fonteAlimentacao )
	VALUES ( 799173, 36, 567743, 'Sint harum tempora odit cumque hic. Libero officiis' );
INSERT INTO drone ( tempoMaxVoo, id, alcanceRemoto, fonteAlimentacao )
	VALUES ( 242169, 6, 836566, 'Officiis ipsam animi minus hic qui. Harum ' );
INSERT INTO drone ( tempoMaxVoo, id, alcanceRemoto, fonteAlimentacao )
	VALUES ( 538252, 23, 352916, 'Sapiente laborum quidem eveniet in temporibus voluptates. Om' );
INSERT INTO drone ( tempoMaxVoo, id, alcanceRemoto, fonteAlimentacao )
	VALUES ( 236260, 22, 849538, 'Voluptatibus veritatis porro. Ut voluptatum iusto temp' );
INSERT INTO drone ( tempoMaxVoo, id, alcanceRemoto, fonteAlimentacao )
	VALUES ( 839950, 2, 515715, 'Quidem reprehenderit assumenda. Est ' );
INSERT INTO drone ( tempoMaxVoo, id, alcanceRemoto, fonteAlimentacao )
	VALUES ( 119368, 9, 784020, 'Tempora aut praesentium voluptatibus ' );
INSERT INTO drone ( tempoMaxVoo, id, alcanceRemoto, fonteAlimentacao )
	VALUES ( 521729, 7, 470342, 'Animi quia atque magnam quisquam incidunt corporis. Impedi' );
INSERT INTO drone ( tempoMaxVoo, id, alcanceRemoto, fonteAlimentacao )
	VALUES ( 359727, 29, 799856, 'Non quisquam non animi. Aliquid dol' );
INSERT INTO drone ( tempoMaxVoo, id, alcanceRemoto, fonteAlimentacao )
	VALUES ( 342220, 19, 826728, 'Nihil ab beatae.Non quisquam fuga similique neque ' );
INSERT INTO drone ( tempoMaxVoo, id, alcanceRemoto, fonteAlimentacao )
	VALUES ( 454992, 1, 154806, 'Eius magni quia aut. Repudiandae rem nostrum a voluptatum' );

/* TABLE sonorizacao */
INSERT INTO sonorizacao ( id, potencia, posseEise )
	VALUES ( 35, 695332, FALSE );
INSERT INTO sonorizacao ( id, potencia, posseEise )
	VALUES ( 19, 685851, TRUE );
INSERT INTO sonorizacao ( id, potencia, posseEise )
	VALUES ( 17, 812308, TRUE );
INSERT INTO sonorizacao ( id, potencia, posseEise )
	VALUES ( 3, 545232, FALSE );
INSERT INTO sonorizacao ( id, potencia, posseEise )
	VALUES ( 16, 855929, FALSE );
INSERT INTO sonorizacao ( id, potencia, posseEise )
	VALUES ( 23, 198118, TRUE );
INSERT INTO sonorizacao ( id, potencia, posseEise )
	VALUES ( 38, 598583, TRUE );
INSERT INTO sonorizacao ( id, potencia, posseEise )
	VALUES ( 14, 448746, TRUE );
INSERT INTO sonorizacao ( id, potencia, posseEise )
	VALUES ( 26, 512602, FALSE );
INSERT INTO sonorizacao ( id, potencia, posseEise )
	VALUES ( 40, 373932, FALSE );
INSERT INTO sonorizacao ( id, potencia, posseEise )
	VALUES ( 25, 375866, FALSE );
INSERT INTO sonorizacao ( id, potencia, posseEise )
	VALUES ( 8, 568813, TRUE );
INSERT INTO sonorizacao ( id, potencia, posseEise )
	VALUES ( 1, 594853, TRUE );
INSERT INTO sonorizacao ( id, potencia, posseEise )
	VALUES ( 34, 818359, TRUE );
INSERT INTO sonorizacao ( id, potencia, posseEise )
	VALUES ( 28, 459239, FALSE );
INSERT INTO sonorizacao ( id, potencia, posseEise )
	VALUES ( 11, 433501, TRUE );
INSERT INTO sonorizacao ( id, potencia, posseEise )
	VALUES ( 18, 524084, TRUE );
INSERT INTO sonorizacao ( id, potencia, posseEise )
	VALUES ( 7, 512996, TRUE );
INSERT INTO sonorizacao ( id, potencia, posseEise )
	VALUES ( 6, 510633, FALSE );
INSERT INTO sonorizacao ( id, potencia, posseEise )
	VALUES ( 29, 173822, FALSE );
INSERT INTO sonorizacao ( id, potencia, posseEise )
	VALUES ( 12, 366166, FALSE );
INSERT INTO sonorizacao ( id, potencia, posseEise )
	VALUES ( 9, 297957, FALSE );
INSERT INTO sonorizacao ( id, potencia, posseEise )
	VALUES ( 20, 868490, TRUE );
INSERT INTO sonorizacao ( id, potencia, posseEise )
	VALUES ( 15, 697925, TRUE );
INSERT INTO sonorizacao ( id, potencia, posseEise )
	VALUES ( 39, 739461, TRUE );
INSERT INTO sonorizacao ( id, potencia, posseEise )
	VALUES ( 4, 487560, TRUE );
INSERT INTO sonorizacao ( id, potencia, posseEise )
	VALUES ( 30, 210070, TRUE );
INSERT INTO sonorizacao ( id, potencia, posseEise )
	VALUES ( 36, 296962, TRUE );
INSERT INTO sonorizacao ( id, potencia, posseEise )
	VALUES ( 21, 393952, TRUE );
INSERT INTO sonorizacao ( id, potencia, posseEise )
	VALUES ( 31, 338869, TRUE );
INSERT INTO sonorizacao ( id, potencia, posseEise )
	VALUES ( 10, 828960, TRUE );
INSERT INTO sonorizacao ( id, potencia, posseEise )
	VALUES ( 27, 558908, FALSE );
INSERT INTO sonorizacao ( id, potencia, posseEise )
	VALUES ( 33, 741671, TRUE );
INSERT INTO sonorizacao ( id, potencia, posseEise )
	VALUES ( 5, 229062, TRUE );
INSERT INTO sonorizacao ( id, potencia, posseEise )
	VALUES ( 22, 886501, FALSE );
INSERT INTO sonorizacao ( id, potencia, posseEise )
	VALUES ( 32, 297910, TRUE );
INSERT INTO sonorizacao ( id, potencia, posseEise )
	VALUES ( 37, 656538, TRUE );
INSERT INTO sonorizacao ( id, potencia, posseEise )
	VALUES ( 13, 464560, TRUE );
INSERT INTO sonorizacao ( id, potencia, posseEise )
	VALUES ( 2, 217178, FALSE );
INSERT INTO sonorizacao ( id, potencia, posseEise )
	VALUES ( 24, 175103, TRUE );

/* TABLE camera */
INSERT INTO camera ( zoomLongoAlcance, fonteAlimentacao, certificacaoIP, resistenteQueda, id, visaoNoturna, estabilizadorImagem, conectividade )
	VALUES ( TRUE, 'Placeat architecto doloribus ducimus necessitatibus magnam. ', 'IP98f', FALSE, 39, TRUE, FALSE, 'Quidem dolorum corrupti molestias quis. Pariatur consequuntur c' );
INSERT INTO camera ( zoomLongoAlcance, fonteAlimentacao, certificacaoIP, resistenteQueda, id, visaoNoturna, estabilizadorImagem, conectividade )
	VALUES ( FALSE, 'Fuga totam rerum cupiditate cumque nisi iusto exercitat', 'IP958', TRUE, 32, TRUE, TRUE, 'Porro nam tempora voluptates aperiam. Et aspe' );
INSERT INTO camera ( zoomLongoAlcance, fonteAlimentacao, certificacaoIP, resistenteQueda, id, visaoNoturna, estabilizadorImagem, conectividade )
	VALUES ( TRUE, 'Eos deleniti perferendis velit ve', 'IP90J', FALSE, 33, FALSE, TRUE, 'Iusto nobis neque similique voluptatibus m' );
INSERT INTO camera ( zoomLongoAlcance, fonteAlimentacao, certificacaoIP, resistenteQueda, id, visaoNoturna, estabilizadorImagem, conectividade )
	VALUES ( FALSE, 'Facilis soluta sunt unde.Suscipit ipsam aut corr', 'IP082H', TRUE, 8, TRUE, TRUE, 'Dolorum totam ea placeat sint provident. Molestiae commodi a' );
INSERT INTO camera ( zoomLongoAlcance, fonteAlimentacao, certificacaoIP, resistenteQueda, id, visaoNoturna, estabilizadorImagem, conectividade )
	VALUES ( TRUE, 'Quae delectus doloremque quos at quis commodi opt', 'IP05Q', FALSE, 16, FALSE, TRUE, 'Voluptate mollitia ab.Fugit sunt doloremque tempora con' );
INSERT INTO camera ( zoomLongoAlcance, fonteAlimentacao, certificacaoIP, resistenteQueda, id, visaoNoturna, estabilizadorImagem, conectividade )
	VALUES ( FALSE, 'Repudiandae tempore aliquam sapiente quod minus arch', 'IP366', TRUE, 18, TRUE, TRUE, 'Nihil cumque ratione corporis. Fugit nulla cupiditate ' );
INSERT INTO camera ( zoomLongoAlcance, fonteAlimentacao, certificacaoIP, resistenteQueda, id, visaoNoturna, estabilizadorImagem, conectividade )
	VALUES ( FALSE, 'Laborum nam repellendus reprehende', 'IP34S', FALSE, 1, FALSE, TRUE, 'Necessitatibus eos impedit voluptas fuga culpa. Mi' );
INSERT INTO camera ( zoomLongoAlcance, fonteAlimentacao, certificacaoIP, resistenteQueda, id, visaoNoturna, estabilizadorImagem, conectividade )
	VALUES ( FALSE, 'Qui minima minima omnis. Ut aut vel perferendi', 'IP58', FALSE, 11, FALSE, FALSE, 'Enim itaque ducimus. Possimus veniam' );
INSERT INTO camera ( zoomLongoAlcance, fonteAlimentacao, certificacaoIP, resistenteQueda, id, visaoNoturna, estabilizadorImagem, conectividade )
	VALUES ( TRUE, 'Sint dolorum laboriosam voluptate ve', 'IP51', FALSE, 17, FALSE, TRUE, 'Repudiandae harum illum et praesentium non nam. Repellendu' );
INSERT INTO camera ( zoomLongoAlcance, fonteAlimentacao, certificacaoIP, resistenteQueda, id, visaoNoturna, estabilizadorImagem, conectividade )
	VALUES ( FALSE, 'Rerum voluptatibus quae dicta.Repellat voluptates con', 'IP13', TRUE, 15, FALSE, TRUE, 'Voluptatibus facilis expedita in quibusdam. Iu' );
INSERT INTO camera ( zoomLongoAlcance, fonteAlimentacao, certificacaoIP, resistenteQueda, id, visaoNoturna, estabilizadorImagem, conectividade )
	VALUES ( TRUE, 'Architecto quam quod veniam fuga e', 'IP07q', FALSE, 21, FALSE, TRUE, 'Aperiam natus officia. Iste excepturi nostrum dist' );
INSERT INTO camera ( zoomLongoAlcance, fonteAlimentacao, certificacaoIP, resistenteQueda, id, visaoNoturna, estabilizadorImagem, conectividade )
	VALUES ( FALSE, 'Quis cumque dolor minus modi sint s', 'IP863', TRUE, 36, TRUE, TRUE, 'Mollitia sunt doloremque dolorum repudiandae ipsum hic. Qui' );
INSERT INTO camera ( zoomLongoAlcance, fonteAlimentacao, certificacaoIP, resistenteQueda, id, visaoNoturna, estabilizadorImagem, conectividade )
	VALUES ( TRUE, 'Nam ea tenetur fugit quia in explicabo esse. Libero', 'IP49', FALSE, 29, FALSE, FALSE, 'Cupiditate dolorum dicta veniam. Magna' );
INSERT INTO camera ( zoomLongoAlcance, fonteAlimentacao, certificacaoIP, resistenteQueda, id, visaoNoturna, estabilizadorImagem, conectividade )
	VALUES ( TRUE, 'Necessitatibus delectus sit consecte', 'IP745', TRUE, 38, TRUE, TRUE, 'Soluta dolore vero officiis. Adipisci ' );
INSERT INTO camera ( zoomLongoAlcance, fonteAlimentacao, certificacaoIP, resistenteQueda, id, visaoNoturna, estabilizadorImagem, conectividade )
	VALUES ( FALSE, 'Velit provident dolor porro dolores necessitati', 'IP773', TRUE, 26, TRUE, TRUE, 'Dicta beatae nesciunt quis. Vel de' );
INSERT INTO camera ( zoomLongoAlcance, fonteAlimentacao, certificacaoIP, resistenteQueda, id, visaoNoturna, estabilizadorImagem, conectividade )
	VALUES ( FALSE, 'Possimus illo molestiae facere atque at mollitia. Sequi ab tota', 'IP054', FALSE, 37, TRUE, FALSE, 'Aut doloribus eveniet ullam. Exercitationem ratione dolorum ' );
INSERT INTO camera ( zoomLongoAlcance, fonteAlimentacao, certificacaoIP, resistenteQueda, id, visaoNoturna, estabilizadorImagem, conectividade )
	VALUES ( FALSE, 'Aut libero fugit. Minus deleniti a e', 'IP53h', TRUE, 22, TRUE, TRUE, 'Debitis nam voluptatum vero officiis eligendi dele' );
INSERT INTO camera ( zoomLongoAlcance, fonteAlimentacao, certificacaoIP, resistenteQueda, id, visaoNoturna, estabilizadorImagem, conectividade )
	VALUES ( TRUE, 'Accusamus incidunt expedita dicta at. Quaerat occaec', 'IP567', FALSE, 35, FALSE, FALSE, 'Similique praesentium nam ab numquam eos. Blanditiis dicta simi' );
INSERT INTO camera ( zoomLongoAlcance, fonteAlimentacao, certificacaoIP, resistenteQueda, id, visaoNoturna, estabilizadorImagem, conectividade )
	VALUES ( TRUE, 'Ratione quae rem harum vitae accusantiu', 'IP67D', TRUE, 9, TRUE, FALSE, 'Quas amet animi repellendus consequatur ea cumque. Acc' );
INSERT INTO camera ( zoomLongoAlcance, fonteAlimentacao, certificacaoIP, resistenteQueda, id, visaoNoturna, estabilizadorImagem, conectividade )
	VALUES ( TRUE, 'Quo ipsam similique explicabo similique', 'IP25V', TRUE, 30, TRUE, TRUE, 'Perspiciatis facere quia delectus nes' );
INSERT INTO camera ( zoomLongoAlcance, fonteAlimentacao, certificacaoIP, resistenteQueda, id, visaoNoturna, estabilizadorImagem, conectividade )
	VALUES ( FALSE, 'Vero sed hic illo. Consequuntur harum amet s', 'IP075U', TRUE, 14, TRUE, FALSE, 'In porro accusamus tempora nulla enim. E' );
INSERT INTO camera ( zoomLongoAlcance, fonteAlimentacao, certificacaoIP, resistenteQueda, id, visaoNoturna, estabilizadorImagem, conectividade )
	VALUES ( TRUE, 'Exercitationem eveniet ad fugiat i', 'IP95', FALSE, 23, FALSE, FALSE, 'Quibusdam ipsum assumenda inventore reprehenderit' );
INSERT INTO camera ( zoomLongoAlcance, fonteAlimentacao, certificacaoIP, resistenteQueda, id, visaoNoturna, estabilizadorImagem, conectividade )
	VALUES ( FALSE, 'Molestiae corporis totam ex tempora. Qui dicta vitae animi ', 'IP45', TRUE, 19, FALSE, FALSE, 'Iste natus est consequuntur. Ratione ipsam natus at.Cu' );
INSERT INTO camera ( zoomLongoAlcance, fonteAlimentacao, certificacaoIP, resistenteQueda, id, visaoNoturna, estabilizadorImagem, conectividade )
	VALUES ( TRUE, 'Maxime animi voluptatum quisquam. ', 'IP335l', FALSE, 13, TRUE, TRUE, 'Soluta voluptas magnam fugit officia. Quod eos fuga porr' );
INSERT INTO camera ( zoomLongoAlcance, fonteAlimentacao, certificacaoIP, resistenteQueda, id, visaoNoturna, estabilizadorImagem, conectividade )
	VALUES ( FALSE, 'Quisquam distinctio nostrum consectet', 'IP02', TRUE, 31, FALSE, TRUE, 'Sequi quibusdam eum eos doloribus voluptatem' );
INSERT INTO camera ( zoomLongoAlcance, fonteAlimentacao, certificacaoIP, resistenteQueda, id, visaoNoturna, estabilizadorImagem, conectividade )
	VALUES ( TRUE, 'Maxime ratione dignissimos vitae be', 'IP68', FALSE, 12, FALSE, FALSE, 'Libero suscipit accusantium sit quos eni' );
INSERT INTO camera ( zoomLongoAlcance, fonteAlimentacao, certificacaoIP, resistenteQueda, id, visaoNoturna, estabilizadorImagem, conectividade )
	VALUES ( TRUE, 'Reprehenderit numquam aut placeat vero. Ex placeat modi ut', 'IP05', TRUE, 27, TRUE, TRUE, 'Quis quidem a assumenda. Commodi' );
INSERT INTO camera ( zoomLongoAlcance, fonteAlimentacao, certificacaoIP, resistenteQueda, id, visaoNoturna, estabilizadorImagem, conectividade )
	VALUES ( TRUE, 'Nisi nihil culpa dolores. Veritatis aperia', 'IP776r', FALSE, 6, FALSE, TRUE, 'Consequuntur nobis dolore officiis molestias ipsum vel. Archite' );
INSERT INTO camera ( zoomLongoAlcance, fonteAlimentacao, certificacaoIP, resistenteQueda, id, visaoNoturna, estabilizadorImagem, conectividade )
	VALUES ( FALSE, 'Minus libero corporis quis voluptate odit earum dolores.T', 'IP435', FALSE, 34, TRUE, TRUE, 'Officiis aliquam numquam est repudiandae quaerat pe' );
INSERT INTO camera ( zoomLongoAlcance, fonteAlimentacao, certificacaoIP, resistenteQueda, id, visaoNoturna, estabilizadorImagem, conectividade )
	VALUES ( TRUE, 'Porro ratione iure tempore veniam. Dicta consequatur', 'IP38i', FALSE, 40, TRUE, TRUE, 'Corrupti officiis ut quos enim labore provide' );
INSERT INTO camera ( zoomLongoAlcance, fonteAlimentacao, certificacaoIP, resistenteQueda, id, visaoNoturna, estabilizadorImagem, conectividade )
	VALUES ( TRUE, 'Tempora iusto quaerat amet officia vitae. A n', 'IP12', TRUE, 4, FALSE, FALSE, 'Earum iusto officia optio debitis dolor. Repellendus t' );
INSERT INTO camera ( zoomLongoAlcance, fonteAlimentacao, certificacaoIP, resistenteQueda, id, visaoNoturna, estabilizadorImagem, conectividade )
	VALUES ( TRUE, 'Saepe consectetur accusantium non harum perferendis. Itaque ', 'IP724r', FALSE, 2, TRUE, FALSE, 'Doloribus rerum nam beatae corrupti as' );
INSERT INTO camera ( zoomLongoAlcance, fonteAlimentacao, certificacaoIP, resistenteQueda, id, visaoNoturna, estabilizadorImagem, conectividade )
	VALUES ( TRUE, 'Necessitatibus quod iusto tempori', 'IP140', FALSE, 5, TRUE, FALSE, 'Sunt culpa soluta quibusdam. Dignissimos' );
INSERT INTO camera ( zoomLongoAlcance, fonteAlimentacao, certificacaoIP, resistenteQueda, id, visaoNoturna, estabilizadorImagem, conectividade )
	VALUES ( FALSE, 'Velit ut accusantium. Blanditiis libero corrupti cum.Ipsam as', 'IP383', TRUE, 7, FALSE, FALSE, 'Commodi error minus nobis inventore odit. Qui vero provident' );
INSERT INTO camera ( zoomLongoAlcance, fonteAlimentacao, certificacaoIP, resistenteQueda, id, visaoNoturna, estabilizadorImagem, conectividade )
	VALUES ( TRUE, 'Hic laboriosam dolorem ipsum architecto saepe.', 'IP922n', FALSE, 10, FALSE, TRUE, 'Voluptates ducimus unde. Placeat veli' );
INSERT INTO camera ( zoomLongoAlcance, fonteAlimentacao, certificacaoIP, resistenteQueda, id, visaoNoturna, estabilizadorImagem, conectividade )
	VALUES ( TRUE, 'Quasi ea vero exercitationem exercitationem ', 'IP10I', TRUE, 20, FALSE, TRUE, 'Occaecati exercitationem facilis animi in facilis. Ev' );
INSERT INTO camera ( zoomLongoAlcance, fonteAlimentacao, certificacaoIP, resistenteQueda, id, visaoNoturna, estabilizadorImagem, conectividade )
	VALUES ( FALSE, 'Impedit cum exercitationem veritatis iste odio. Cum no', 'IP390', TRUE, 28, TRUE, TRUE, 'Est assumenda autem. Voluptatibus laudantium earum consectetur ' );
INSERT INTO camera ( zoomLongoAlcance, fonteAlimentacao, certificacaoIP, resistenteQueda, id, visaoNoturna, estabilizadorImagem, conectividade )
	VALUES ( TRUE, 'Perferendis nulla nostrum itaque labor', 'IP763E', TRUE, 24, FALSE, TRUE, 'Minus libero dignissimos perspici' );
INSERT INTO camera ( zoomLongoAlcance, fonteAlimentacao, certificacaoIP, resistenteQueda, id, visaoNoturna, estabilizadorImagem, conectividade )
	VALUES ( FALSE, 'Quam expedita aliquam officia aut seq', 'IP02W', TRUE, 25, FALSE, FALSE, 'Quo facere deserunt asperiores placeat' );
INSERT INTO camera ( zoomLongoAlcance, fonteAlimentacao, certificacaoIP, resistenteQueda, id, visaoNoturna, estabilizadorImagem, conectividade )
	VALUES ( TRUE, 'Ad saepe quidem aliquam. Ratione c', 'IP42', FALSE, 3, TRUE, TRUE, 'Sequi quisquam repudiandae harum magni nisi maio' );

/* TABLE registros */
INSERT INTO registros ( idDrone, registro )
	VALUES ( 22, 'Corporis ' );
INSERT INTO registros ( idDrone, registro )
	VALUES ( 5, 'Optio iur' );
INSERT INTO registros ( idDrone, registro )
	VALUES ( 22, 'Magnam pe' );
INSERT INTO registros ( idDrone, registro )
	VALUES ( 3, 'Suscipit ' );
INSERT INTO registros ( idDrone, registro )
	VALUES ( 12, 'Molestiae' );
INSERT INTO registros ( idDrone, registro )
	VALUES ( 1, 'Repellend' );
INSERT INTO registros ( idDrone, registro )
	VALUES ( 37, 'Reprehend' );
INSERT INTO registros ( idDrone, registro )
	VALUES ( 20, 'Ex sed qu' );
INSERT INTO registros ( idDrone, registro )
	VALUES ( 23, 'Voluptati' );
INSERT INTO registros ( idDrone, registro )
	VALUES ( 1, 'Eligendi ' );
INSERT INTO registros ( idDrone, registro )
	VALUES ( 23, 'Illum eos' );
INSERT INTO registros ( idDrone, registro )
	VALUES ( 27, 'Error vol' );
INSERT INTO registros ( idDrone, registro )
	VALUES ( 23, 'Quia mole' );
INSERT INTO registros ( idDrone, registro )
	VALUES ( 7, 'Ad alias ' );
INSERT INTO registros ( idDrone, registro )
	VALUES ( 10, 'Distincti' );
INSERT INTO registros ( idDrone, registro )
	VALUES ( 23, 'Quibusdam' );
INSERT INTO registros ( idDrone, registro )
	VALUES ( 30, 'Totam ame' );
INSERT INTO registros ( idDrone, registro )
	VALUES ( 21, 'Ipsam rep' );
INSERT INTO registros ( idDrone, registro )
	VALUES ( 35, 'Natus pla' );
INSERT INTO registros ( idDrone, registro )
	VALUES ( 13, 'Pariatur ' );
INSERT INTO registros ( idDrone, registro )
	VALUES ( 36, 'Sed cum m' );
INSERT INTO registros ( idDrone, registro )
	VALUES ( 21, 'Laboriosa' );
INSERT INTO registros ( idDrone, registro )
	VALUES ( 26, 'Facilis q' );
INSERT INTO registros ( idDrone, registro )
	VALUES ( 19, 'Esse quis' );
INSERT INTO registros ( idDrone, registro )
	VALUES ( 39, 'Nemo temp' );
INSERT INTO registros ( idDrone, registro )
	VALUES ( 3, 'Possimus ' );
INSERT INTO registros ( idDrone, registro )
	VALUES ( 15, 'Expedita ' );
INSERT INTO registros ( idDrone, registro )
	VALUES ( 33, 'Explicabo' );
INSERT INTO registros ( idDrone, registro )
	VALUES ( 21, 'Nulla vol' );
INSERT INTO registros ( idDrone, registro )
	VALUES ( 28, 'Aliquid l' );
INSERT INTO registros ( idDrone, registro )
	VALUES ( 39, 'Commodi p' );
INSERT INTO registros ( idDrone, registro )
	VALUES ( 27, 'Quaerat q' );
INSERT INTO registros ( idDrone, registro )
	VALUES ( 15, 'Hic possi' );
INSERT INTO registros ( idDrone, registro )
	VALUES ( 29, 'Soluta pa' );
INSERT INTO registros ( idDrone, registro )
	VALUES ( 21, 'Nostrum r' );
INSERT INTO registros ( idDrone, registro )
	VALUES ( 6, 'Inventore' );
INSERT INTO registros ( idDrone, registro )
	VALUES ( 19, 'Molestias' );
INSERT INTO registros ( idDrone, registro )
	VALUES ( 37, 'Eos moles' );
INSERT INTO registros ( idDrone, registro )
	VALUES ( 27, 'Vel neque' );
INSERT INTO registros ( idDrone, registro )
	VALUES ( 12, 'Illum off' );

/* TABLE cameraAerea */
INSERT INTO cameraAerea ( data, camera, drone, quantidade )
	VALUES ( to_date ('2018-01-07', 'YYYY-MM-DD'), 15, 15, 228418 );
INSERT INTO cameraAerea ( data, camera, drone, quantidade )
	VALUES ( to_date ('2002-08-13', 'YYYY-MM-DD'), 35, 3, 312974 );
INSERT INTO cameraAerea ( data, camera, drone, quantidade )
	VALUES ( to_date ('2014-05-23', 'YYYY-MM-DD'), 28, 26, 454088 );
INSERT INTO cameraAerea ( data, camera, drone, quantidade )
	VALUES ( to_date ('2002-07-16', 'YYYY-MM-DD'), 24, 16, 144640 );
INSERT INTO cameraAerea ( data, camera, drone, quantidade )
	VALUES ( to_date ('2009-03-13', 'YYYY-MM-DD'), 24, 2, 179343 );
INSERT INTO cameraAerea ( data, camera, drone, quantidade )
	VALUES ( to_date ('2011-01-16', 'YYYY-MM-DD'), 26, 27, 288791 );
INSERT INTO cameraAerea ( data, camera, drone, quantidade )
	VALUES ( to_date ('2010-10-15', 'YYYY-MM-DD'), 13, 8, 249487 );
INSERT INTO cameraAerea ( data, camera, drone, quantidade )
	VALUES ( to_date ('2013-09-05', 'YYYY-MM-DD'), 7, 6, 354526 );
INSERT INTO cameraAerea ( data, camera, drone, quantidade )
	VALUES ( to_date ('2006-11-29', 'YYYY-MM-DD'), 5, 14, 166018 );
INSERT INTO cameraAerea ( data, camera, drone, quantidade )
	VALUES ( to_date ('2002-05-17', 'YYYY-MM-DD'), 34, 34, 873066 );
INSERT INTO cameraAerea ( data, camera, drone, quantidade )
	VALUES ( to_date ('2002-08-28', 'YYYY-MM-DD'), 5, 3, 193586 );
INSERT INTO cameraAerea ( data, camera, drone, quantidade )
	VALUES ( to_date ('2003-01-13', 'YYYY-MM-DD'), 34, 10, 438344 );
INSERT INTO cameraAerea ( data, camera, drone, quantidade )
	VALUES ( to_date ('2018-11-05', 'YYYY-MM-DD'), 31, 14, 517622 );
INSERT INTO cameraAerea ( data, camera, drone, quantidade )
	VALUES ( to_date ('2001-02-05', 'YYYY-MM-DD'), 18, 20, 302922 );
INSERT INTO cameraAerea ( data, camera, drone, quantidade )
	VALUES ( to_date ('2010-01-29', 'YYYY-MM-DD'), 21, 29, 411719 );
INSERT INTO cameraAerea ( data, camera, drone, quantidade )
	VALUES ( to_date ('2007-03-23', 'YYYY-MM-DD'), 34, 23, 861823 );
INSERT INTO cameraAerea ( data, camera, drone, quantidade )
	VALUES ( to_date ('2014-07-24', 'YYYY-MM-DD'), 11, 8, 357886 );
INSERT INTO cameraAerea ( data, camera, drone, quantidade )
	VALUES ( to_date ('2002-09-07', 'YYYY-MM-DD'), 20, 34, 744926 );
INSERT INTO cameraAerea ( data, camera, drone, quantidade )
	VALUES ( to_date ('2007-05-28', 'YYYY-MM-DD'), 31, 3, 295860 );
INSERT INTO cameraAerea ( data, camera, drone, quantidade )
	VALUES ( to_date ('2008-07-12', 'YYYY-MM-DD'), 35, 28, 488251 );
INSERT INTO cameraAerea ( data, camera, drone, quantidade )
	VALUES ( to_date ('2013-09-08', 'YYYY-MM-DD'), 7, 25, 155441 );
INSERT INTO cameraAerea ( data, camera, drone, quantidade )
	VALUES ( to_date ('2007-01-28', 'YYYY-MM-DD'), 1, 37, 288479 );
INSERT INTO cameraAerea ( data, camera, drone, quantidade )
	VALUES ( to_date ('2003-02-21', 'YYYY-MM-DD'), 21, 25, 299420 );
INSERT INTO cameraAerea ( data, camera, drone, quantidade )
	VALUES ( to_date ('2007-07-21', 'YYYY-MM-DD'), 9, 16, 564679 );
INSERT INTO cameraAerea ( data, camera, drone, quantidade )
	VALUES ( to_date ('2012-02-28', 'YYYY-MM-DD'), 22, 32, 329887 );
INSERT INTO cameraAerea ( data, camera, drone, quantidade )
	VALUES ( to_date ('2006-09-28', 'YYYY-MM-DD'), 17, 39, 673585 );
INSERT INTO cameraAerea ( data, camera, drone, quantidade )
	VALUES ( to_date ('2000-10-16', 'YYYY-MM-DD'), 17, 21, 763478 );
INSERT INTO cameraAerea ( data, camera, drone, quantidade )
	VALUES ( to_date ('2000-06-28', 'YYYY-MM-DD'), 15, 13, 584511 );
INSERT INTO cameraAerea ( data, camera, drone, quantidade )
	VALUES ( to_date ('2012-04-27', 'YYYY-MM-DD'), 36, 25, 383217 );
INSERT INTO cameraAerea ( data, camera, drone, quantidade )
	VALUES ( to_date ('2000-08-17', 'YYYY-MM-DD'), 2, 16, 153840 );
INSERT INTO cameraAerea ( data, camera, drone, quantidade )
	VALUES ( to_date ('2015-01-24', 'YYYY-MM-DD'), 5, 2, 458480 );
INSERT INTO cameraAerea ( data, camera, drone, quantidade )
	VALUES ( to_date ('2007-07-16', 'YYYY-MM-DD'), 40, 21, 763026 );
INSERT INTO cameraAerea ( data, camera, drone, quantidade )
	VALUES ( to_date ('2002-01-20', 'YYYY-MM-DD'), 1, 3, 676363 );
INSERT INTO cameraAerea ( data, camera, drone, quantidade )
	VALUES ( to_date ('2002-10-25', 'YYYY-MM-DD'), 1, 26, 388016 );
INSERT INTO cameraAerea ( data, camera, drone, quantidade )
	VALUES ( to_date ('2008-04-14', 'YYYY-MM-DD'), 27, 6, 519574 );
INSERT INTO cameraAerea ( data, camera, drone, quantidade )
	VALUES ( to_date ('2009-06-25', 'YYYY-MM-DD'), 2, 38, 479049 );
INSERT INTO cameraAerea ( data, camera, drone, quantidade )
	VALUES ( to_date ('2007-06-08', 'YYYY-MM-DD'), 6, 2, 801555 );
INSERT INTO cameraAerea ( data, camera, drone, quantidade )
	VALUES ( to_date ('2018-01-21', 'YYYY-MM-DD'), 20, 25, 655637 );
INSERT INTO cameraAerea ( data, camera, drone, quantidade )
	VALUES ( to_date ('2005-04-21', 'YYYY-MM-DD'), 11, 15, 183483 );
INSERT INTO cameraAerea ( data, camera, drone, quantidade )
	VALUES ( to_date ('2005-05-23', 'YYYY-MM-DD'), 1, 32, 434638 );

/* TABLE musico */
INSERT INTO musico ( nome, cpf )
	VALUES ( 'Isabelly Mendes', '910.164.962-13' );
INSERT INTO musico ( nome, cpf )
	VALUES ( 'Ana Vitória Vieira', '202.304.267-75' );
INSERT INTO musico ( nome, cpf )
	VALUES ( 'Renan Pires', '598.953.788-01' );
INSERT INTO musico ( nome, cpf )
	VALUES ( 'Sr. Cauã Ribeiro', '290.521.837-81' );
INSERT INTO musico ( nome, cpf )
	VALUES ( 'Luigi Fogaça', '183.544.227-34' );
INSERT INTO musico ( nome, cpf )
	VALUES ( 'Erick Costela', '409.980.147-13' );
INSERT INTO musico ( nome, cpf )
	VALUES ( 'Benjamin Gomes', '868.836.386-43' );
INSERT INTO musico ( nome, cpf )
	VALUES ( 'Isabella Pereira', '306.049.319-57' );
INSERT INTO musico ( nome, cpf )
	VALUES ( 'Alexandre Pereira', '514.726.306-01' );
INSERT INTO musico ( nome, cpf )
	VALUES ( 'Sra. Maria Julia Moraes', '032.766.646-47' );
INSERT INTO musico ( nome, cpf )
	VALUES ( 'Dr. Luigi Alves', '441.251.041-67' );
INSERT INTO musico ( nome, cpf )
	VALUES ( 'Alícia Pinto', '750.913.691-28' );
INSERT INTO musico ( nome, cpf )
	VALUES ( 'Maysa Gonçalves', '587.965.918-39' );
INSERT INTO musico ( nome, cpf )
	VALUES ( 'Srta. Letícia Gonçalves', '904.550.748-65' );
INSERT INTO musico ( nome, cpf )
	VALUES ( 'Gabriel Souza', '147.855.737-98' );
INSERT INTO musico ( nome, cpf )
	VALUES ( 'Carolina Dias', '067.117.074-94' );
INSERT INTO musico ( nome, cpf )
	VALUES ( 'Maria Cecília Barbosa', '563.917.137-74' );
INSERT INTO musico ( nome, cpf )
	VALUES ( 'Clara Nogueira', '295.055.076-05' );
INSERT INTO musico ( nome, cpf )
	VALUES ( 'Calebe Barros', '039.357.154-56' );
INSERT INTO musico ( nome, cpf )
	VALUES ( 'João Miguel Cardoso,', '667.594.829-40' );
INSERT INTO musico ( nome, cpf )
	VALUES ( 'Gustavo da Cruz', '151.148.215-42' );
INSERT INTO musico ( nome, cpf )
	VALUES ( 'Leonardo Barros', '476.340.648-66' );
INSERT INTO musico ( nome, cpf )
	VALUES ( 'Sra. Ana Julia Cavalcanti', '141.967.075-20' );
INSERT INTO musico ( nome, cpf )
	VALUES ( 'Gabriela Nascimento', '496.103.946-10' );
INSERT INTO musico ( nome, cpf )
	VALUES ( 'André Rocha', '206.865.195-00' );
INSERT INTO musico ( nome, cpf )
	VALUES ( 'Maria Clara Nascimento', '857.834.583-64' );
INSERT INTO musico ( nome, cpf )
	VALUES ( 'João Melo', '779.319.720-20' );
INSERT INTO musico ( nome, cpf )
	VALUES ( 'Sra. Bárbara Correia', '173.887.485-76' );
INSERT INTO musico ( nome, cpf )
	VALUES ( 'Amanda Peixoto', '894.613.419-16' );
INSERT INTO musico ( nome, cpf )
	VALUES ( 'Julia Oliveira', '468.231.693-35' );
INSERT INTO musico ( nome, cpf )
	VALUES ( 'Pedro Lucas Cardoso,', '880.113.284-47' );
INSERT INTO musico ( nome, cpf )
	VALUES ( 'Sophia da Rocha', '768.793.298-98' );
INSERT INTO musico ( nome, cpf )
	VALUES ( 'Sophia Cardoso', '717.243.587-86' );
INSERT INTO musico ( nome, cpf )
	VALUES ( 'Maysa Gonçalves', '517.642.907-49' );
INSERT INTO musico ( nome, cpf )
	VALUES ( 'Olivia Lima', '102.468.382-02' );
INSERT INTO musico ( nome, cpf )
	VALUES ( 'Diogo Porto', '099.589.404-40' );
INSERT INTO musico ( nome, cpf )
	VALUES ( 'Clara Lima', '275.968.459-16' );
INSERT INTO musico ( nome, cpf )
	VALUES ( 'Erick Gonçalves', '946.432.680-81' );
INSERT INTO musico ( nome, cpf )
	VALUES ( 'Fernando Castro', '218.604.557-13' );
INSERT INTO musico ( nome, cpf )
	VALUES ( 'Bruna da Costa', '191.671.891-68' );

/* TABLE banda */
INSERT INTO banda ( tipo, estiloMusical, nome, dataCriacao )
	VALUES ( 'CONTRATADA', 'Cumque officia repellendus occaecati modi. Earum eligendi qu', 'Isabelly Porto', to_date ('2010-01-13', 'YYYY-MM-DD') );
INSERT INTO banda ( tipo, estiloMusical, nome, dataCriacao )
	VALUES ( 'PARTICULAR', 'Eum nulla exercitationem. Doloremq', 'Elisa Almeida', to_date ('2011-02-04', 'YYYY-MM-DD') );
INSERT INTO banda ( tipo, estiloMusical, nome, dataCriacao )
	VALUES ( 'PARTICULAR', 'Veniam consectetur cum temporibus. Quis', 'Luiz Fernando Melo', to_date ('2004-01-11', 'YYYY-MM-DD') );
INSERT INTO banda ( tipo, estiloMusical, nome, dataCriacao )
	VALUES ( 'CONTRATADA', 'Voluptatem sunt pariatur soluta fug', 'Lucas Moura', to_date ('2017-08-30', 'YYYY-MM-DD') );
INSERT INTO banda ( tipo, estiloMusical, nome, dataCriacao )
	VALUES ( 'CONTRATADA', 'Magnam dolorem assumenda delectus. Sit omnis quod saepe ex off', 'Sra. Beatriz Freitas', to_date ('2009-09-14', 'YYYY-MM-DD') );
INSERT INTO banda ( tipo, estiloMusical, nome, dataCriacao )
	VALUES ( 'CONTRATADA', 'Magni minima consequatur officiis voluptate si', 'Maria Julia Pires', to_date ('2011-06-16', 'YYYY-MM-DD') );
INSERT INTO banda ( tipo, estiloMusical, nome, dataCriacao )
	VALUES ( 'CONTRATADA', 'Cumque quia animi laudantium. Placeat lab', 'Ana Luiza FariasFernandes', to_date ('2006-10-14', 'YYYY-MM-DD') );
INSERT INTO banda ( tipo, estiloMusical, nome, dataCriacao )
	VALUES ( 'CONTRATADA', 'Soluta tempora vero harum laboriosam laboriosam. Officiis e', 'Luiz Miguel da Mata', to_date ('2012-07-25', 'YYYY-MM-DD') );
INSERT INTO banda ( tipo, estiloMusical, nome, dataCriacao )
	VALUES ( 'PARTICULAR', 'A ab debitis nesciunt quaerat quas eum. Excepturi inventore ', 'Joana Mendes', to_date ('2011-07-21', 'YYYY-MM-DD') );
INSERT INTO banda ( tipo, estiloMusical, nome, dataCriacao )
	VALUES ( 'CONTRATADA', 'Dignissimos necessitatibus ex ea repellat fugit vo', 'Maria Cecília Lopes', to_date ('2005-04-29', 'YYYY-MM-DD') );
INSERT INTO banda ( tipo, estiloMusical, nome, dataCriacao )
	VALUES ( 'CONTRATADA', 'Culpa quia libero unde. Corrupti illum laboriosam qu', 'Maysa Porto', to_date ('2008-04-14', 'YYYY-MM-DD') );
INSERT INTO banda ( tipo, estiloMusical, nome, dataCriacao )
	VALUES ( 'CONTRATADA', 'Quia in maxime occaecati quasi eius at. Do', 'Emanuel Ramos', to_date ('2006-06-15', 'YYYY-MM-DD') );
INSERT INTO banda ( tipo, estiloMusical, nome, dataCriacao )
	VALUES ( 'CONTRATADA', 'Nesciunt reprehenderit magni a eum qui. Quod debitis', 'Maria Eduarda Azevedo', to_date ('2004-05-04', 'YYYY-MM-DD') );
INSERT INTO banda ( tipo, estiloMusical, nome, dataCriacao )
	VALUES ( 'CONTRATADA', 'Nobis ex earum hic. Qui cupiditate natus.', 'Nicole Ferreira', to_date ('2003-11-15', 'YYYY-MM-DD') );
INSERT INTO banda ( tipo, estiloMusical, nome, dataCriacao )
	VALUES ( 'PARTICULAR', 'Voluptate autem fuga quam praesentium ipsam minima. Labo', 'Laura Costa', to_date ('2008-03-05', 'YYYY-MM-DD') );
INSERT INTO banda ( tipo, estiloMusical, nome, dataCriacao )
	VALUES ( 'CONTRATADA', 'Suscipit fuga modi reprehenderit debitis corporis ea. Necessita', 'Srta. Ana Carolina Freitas', to_date ('2014-06-28', 'YYYY-MM-DD') );
INSERT INTO banda ( tipo, estiloMusical, nome, dataCriacao )
	VALUES ( 'CONTRATADA', 'Dolore explicabo esse illo nesciunt. ', 'Dr. Breno das Neves', to_date ('2018-06-28', 'YYYY-MM-DD') );
INSERT INTO banda ( tipo, estiloMusical, nome, dataCriacao )
	VALUES ( 'PARTICULAR', 'Corrupti vitae aliquid voluptatem. Expedita cum atque tem', 'Ana Lívia Caldeira', to_date ('2012-05-11', 'YYYY-MM-DD') );
INSERT INTO banda ( tipo, estiloMusical, nome, dataCriacao )
	VALUES ( 'PARTICULAR', 'Nostrum facere illo accusamus quide', 'Dr. Marcos Vinicius Castro', to_date ('2002-10-13', 'YYYY-MM-DD') );
INSERT INTO banda ( tipo, estiloMusical, nome, dataCriacao )
	VALUES ( 'CONTRATADA', 'Voluptatibus beatae delectus porr', 'Sr. João Guilherme das Neves', to_date ('2005-09-07', 'YYYY-MM-DD') );
INSERT INTO banda ( tipo, estiloMusical, nome, dataCriacao )
	VALUES ( 'PARTICULAR', 'Porro hic earum provident laborum ex iste saepe. Recu', 'Alexia da Cunha', to_date ('2017-05-18', 'YYYY-MM-DD') );
INSERT INTO banda ( tipo, estiloMusical, nome, dataCriacao )
	VALUES ( 'PARTICULAR', 'Quis molestiae beatae expedita vero ist', 'Theo Silva', to_date ('2017-05-24', 'YYYY-MM-DD') );
INSERT INTO banda ( tipo, estiloMusical, nome, dataCriacao )
	VALUES ( 'CONTRATADA', 'Rem sed accusamus voluptatum praesentium. ', 'Lucas da Luz', to_date ('2000-01-06', 'YYYY-MM-DD') );
INSERT INTO banda ( tipo, estiloMusical, nome, dataCriacao )
	VALUES ( 'CONTRATADA', 'Aut animi enim fugit deleniti animi ipsam maxim', 'Pietro Silveira', to_date ('2002-06-21', 'YYYY-MM-DD') );
INSERT INTO banda ( tipo, estiloMusical, nome, dataCriacao )
	VALUES ( 'CONTRATADA', 'Eaque quia provident possimus eligendi voluptas ad. ', 'Igor Nascimento', to_date ('2005-05-14', 'YYYY-MM-DD') );
INSERT INTO banda ( tipo, estiloMusical, nome, dataCriacao )
	VALUES ( 'PARTICULAR', 'Illum aliquam inventore neque. Officiis d', 'Sr. Augusto Novaes', to_date ('2012-07-15', 'YYYY-MM-DD') );
INSERT INTO banda ( tipo, estiloMusical, nome, dataCriacao )
	VALUES ( 'PARTICULAR', 'Impedit dolorum nihil. Magnam voluptas numquam fugit voluptate', 'Alexandre Rezende', to_date ('2005-10-13', 'YYYY-MM-DD') );
INSERT INTO banda ( tipo, estiloMusical, nome, dataCriacao )
	VALUES ( 'CONTRATADA', 'Quo provident dicta. Iste neque natus necessitat', 'Enrico Araújo', to_date ('2001-06-25', 'YYYY-MM-DD') );
INSERT INTO banda ( tipo, estiloMusical, nome, dataCriacao )
	VALUES ( 'CONTRATADA', 'Omnis facere aliquam voluptas dolor quis. Facere a quae ', 'Amanda Alves', to_date ('2014-04-18', 'YYYY-MM-DD') );
INSERT INTO banda ( tipo, estiloMusical, nome, dataCriacao )
	VALUES ( 'PARTICULAR', 'Delectus distinctio qui provident atque quo quod.', 'Srta. Valentina Vieira', to_date ('2000-06-28', 'YYYY-MM-DD') );
INSERT INTO banda ( tipo, estiloMusical, nome, dataCriacao )
	VALUES ( 'CONTRATADA', 'Eligendi suscipit totam ipsam itaque dignissimos ', 'Sofia Almeida', to_date ('2008-04-08', 'YYYY-MM-DD') );
INSERT INTO banda ( tipo, estiloMusical, nome, dataCriacao )
	VALUES ( 'CONTRATADA', 'Quidem ducimus debitis itaque. Accusamus laudantium m', 'João Guilherme Souza', to_date ('2001-11-22', 'YYYY-MM-DD') );
INSERT INTO banda ( tipo, estiloMusical, nome, dataCriacao )
	VALUES ( 'PARTICULAR', 'Reiciendis explicabo placeat numquam autem eos. Quas reiciendi', 'Enzo Rocha', to_date ('2010-04-03', 'YYYY-MM-DD') );
INSERT INTO banda ( tipo, estiloMusical, nome, dataCriacao )
	VALUES ( 'PARTICULAR', 'Dolorum totam maxime doloribus at. Non', 'Sra. Lara Correia', to_date ('2018-04-06', 'YYYY-MM-DD') );
INSERT INTO banda ( tipo, estiloMusical, nome, dataCriacao )
	VALUES ( 'PARTICULAR', 'Ad consectetur officia doloribus', 'Sophia Nascimento', to_date ('2012-02-24', 'YYYY-MM-DD') );
INSERT INTO banda ( tipo, estiloMusical, nome, dataCriacao )
	VALUES ( 'PARTICULAR', 'Necessitatibus dignissimos eos ex', 'Ana Júlia Freitas', to_date ('2014-09-14', 'YYYY-MM-DD') );
INSERT INTO banda ( tipo, estiloMusical, nome, dataCriacao )
	VALUES ( 'PARTICULAR', 'Quod distinctio soluta illo. Hic simili', 'Emilly Novaes', to_date ('2008-04-13', 'YYYY-MM-DD') );
INSERT INTO banda ( tipo, estiloMusical, nome, dataCriacao )
	VALUES ( 'CONTRATADA', 'Sunt optio natus laborum natus. Ipsa quas autem quam.', 'Srta. Luiza Cavalcanti', to_date ('2009-05-28', 'YYYY-MM-DD') );
INSERT INTO banda ( tipo, estiloMusical, nome, dataCriacao )
	VALUES ( 'PARTICULAR', 'Quos esse modi error sint veritatis mollitia. Exercitationem', 'Augusto Souza', to_date ('2011-01-12', 'YYYY-MM-DD') );
INSERT INTO banda ( tipo, estiloMusical, nome, dataCriacao )
	VALUES ( 'CONTRATADA', 'Velit possimus labore sapiente. Ea illum doloru', 'Melissa Moreira', to_date ('2014-05-07', 'YYYY-MM-DD') );
/* NULL INSERTION FOR ATTRIBUTE estiloMusical AT TABLE banda  */
 INSERT INTO banda ( tipo, estiloMusical, nome, dataCriacao )
	VALUES ( 'CONTRATADA', NULL, 'Melissa Costa', to_date ('2005-09-17', 'YYYY-MM-DD') );

/* TABLE compoe */
INSERT INTO compoe ( nomeBanda, dataCriacaoBanda, cpfMusico )
	VALUES ( 'Srta. Valentina Vieira', to_date ('2000-06-28', 'YYYY-MM-DD'), '587.965.918-39' );
INSERT INTO compoe ( nomeBanda, dataCriacaoBanda, cpfMusico )
	VALUES ( 'Alexia da Cunha', to_date ('2017-05-18', 'YYYY-MM-DD'), '183.544.227-34' );
INSERT INTO compoe ( nomeBanda, dataCriacaoBanda, cpfMusico )
	VALUES ( 'Amanda Alves', to_date ('2014-04-18', 'YYYY-MM-DD'), '441.251.041-67' );
INSERT INTO compoe ( nomeBanda, dataCriacaoBanda, cpfMusico )
	VALUES ( 'Alexandre Rezende', to_date ('2005-10-13', 'YYYY-MM-DD'), '141.967.075-20' );
INSERT INTO compoe ( nomeBanda, dataCriacaoBanda, cpfMusico )
	VALUES ( 'Theo Silva', to_date ('2017-05-24', 'YYYY-MM-DD'), '206.865.195-00' );
INSERT INTO compoe ( nomeBanda, dataCriacaoBanda, cpfMusico )
	VALUES ( 'Theo Silva', to_date ('2017-05-24', 'YYYY-MM-DD'), '476.340.648-66' );
INSERT INTO compoe ( nomeBanda, dataCriacaoBanda, cpfMusico )
	VALUES ( 'Elisa Almeida', to_date ('2011-02-04', 'YYYY-MM-DD'), '102.468.382-02' );
INSERT INTO compoe ( nomeBanda, dataCriacaoBanda, cpfMusico )
	VALUES ( 'Enrico Araújo', to_date ('2001-06-25', 'YYYY-MM-DD'), '904.550.748-65' );
INSERT INTO compoe ( nomeBanda, dataCriacaoBanda, cpfMusico )
	VALUES ( 'Pietro Silveira', to_date ('2002-06-21', 'YYYY-MM-DD'), '275.968.459-16' );
INSERT INTO compoe ( nomeBanda, dataCriacaoBanda, cpfMusico )
	VALUES ( 'Lucas da Luz', to_date ('2000-01-06', 'YYYY-MM-DD'), '946.432.680-81' );
INSERT INTO compoe ( nomeBanda, dataCriacaoBanda, cpfMusico )
	VALUES ( 'Enzo Rocha', to_date ('2010-04-03', 'YYYY-MM-DD'), '894.613.419-16' );
INSERT INTO compoe ( nomeBanda, dataCriacaoBanda, cpfMusico )
	VALUES ( 'Nicole Ferreira', to_date ('2003-11-15', 'YYYY-MM-DD'), '563.917.137-74' );
INSERT INTO compoe ( nomeBanda, dataCriacaoBanda, cpfMusico )
	VALUES ( 'Enrico Araújo', to_date ('2001-06-25', 'YYYY-MM-DD'), '779.319.720-20' );
INSERT INTO compoe ( nomeBanda, dataCriacaoBanda, cpfMusico )
	VALUES ( 'Enzo Rocha', to_date ('2010-04-03', 'YYYY-MM-DD'), '517.642.907-49' );
INSERT INTO compoe ( nomeBanda, dataCriacaoBanda, cpfMusico )
	VALUES ( 'Lucas da Luz', to_date ('2000-01-06', 'YYYY-MM-DD'), '039.357.154-56' );
INSERT INTO compoe ( nomeBanda, dataCriacaoBanda, cpfMusico )
	VALUES ( 'Maysa Porto', to_date ('2008-04-14', 'YYYY-MM-DD'), '717.243.587-86' );
INSERT INTO compoe ( nomeBanda, dataCriacaoBanda, cpfMusico )
	VALUES ( 'Maria Eduarda Azevedo', to_date ('2004-05-04', 'YYYY-MM-DD'), '099.589.404-40' );
INSERT INTO compoe ( nomeBanda, dataCriacaoBanda, cpfMusico )
	VALUES ( 'Maria Eduarda Azevedo', to_date ('2004-05-04', 'YYYY-MM-DD'), '514.726.306-01' );
INSERT INTO compoe ( nomeBanda, dataCriacaoBanda, cpfMusico )
	VALUES ( 'Ana Júlia Freitas', to_date ('2014-09-14', 'YYYY-MM-DD'), '517.642.907-49' );
INSERT INTO compoe ( nomeBanda, dataCriacaoBanda, cpfMusico )
	VALUES ( 'Lucas da Luz', to_date ('2000-01-06', 'YYYY-MM-DD'), '496.103.946-10' );
INSERT INTO compoe ( nomeBanda, dataCriacaoBanda, cpfMusico )
	VALUES ( 'Joana Mendes', to_date ('2011-07-21', 'YYYY-MM-DD'), '151.148.215-42' );
INSERT INTO compoe ( nomeBanda, dataCriacaoBanda, cpfMusico )
	VALUES ( 'Amanda Alves', to_date ('2014-04-18', 'YYYY-MM-DD'), '032.766.646-47' );
INSERT INTO compoe ( nomeBanda, dataCriacaoBanda, cpfMusico )
	VALUES ( 'Dr. Breno das Neves', to_date ('2018-06-28', 'YYYY-MM-DD'), '476.340.648-66' );
INSERT INTO compoe ( nomeBanda, dataCriacaoBanda, cpfMusico )
	VALUES ( 'Sr. Augusto Novaes', to_date ('2012-07-15', 'YYYY-MM-DD'), '218.604.557-13' );
INSERT INTO compoe ( nomeBanda, dataCriacaoBanda, cpfMusico )
	VALUES ( 'Ana Lívia Caldeira', to_date ('2012-05-11', 'YYYY-MM-DD'), '857.834.583-64' );
INSERT INTO compoe ( nomeBanda, dataCriacaoBanda, cpfMusico )
	VALUES ( 'Pietro Silveira', to_date ('2002-06-21', 'YYYY-MM-DD'), '667.594.829-40' );
INSERT INTO compoe ( nomeBanda, dataCriacaoBanda, cpfMusico )
	VALUES ( 'Nicole Ferreira', to_date ('2003-11-15', 'YYYY-MM-DD'), '496.103.946-10' );
INSERT INTO compoe ( nomeBanda, dataCriacaoBanda, cpfMusico )
	VALUES ( 'Alexia da Cunha', to_date ('2017-05-18', 'YYYY-MM-DD'), '141.967.075-20' );
INSERT INTO compoe ( nomeBanda, dataCriacaoBanda, cpfMusico )
	VALUES ( 'Ana Lívia Caldeira', to_date ('2012-05-11', 'YYYY-MM-DD'), '779.319.720-20' );
INSERT INTO compoe ( nomeBanda, dataCriacaoBanda, cpfMusico )
	VALUES ( 'Ana Luiza FariasFernandes', to_date ('2006-10-14', 'YYYY-MM-DD'), '868.836.386-43' );
INSERT INTO compoe ( nomeBanda, dataCriacaoBanda, cpfMusico )
	VALUES ( 'Sophia Nascimento', to_date ('2012-02-24', 'YYYY-MM-DD'), '468.231.693-35' );
INSERT INTO compoe ( nomeBanda, dataCriacaoBanda, cpfMusico )
	VALUES ( 'Srta. Ana Carolina Freitas', to_date ('2014-06-28', 'YYYY-MM-DD'), '667.594.829-40' );
INSERT INTO compoe ( nomeBanda, dataCriacaoBanda, cpfMusico )
	VALUES ( 'Nicole Ferreira', to_date ('2003-11-15', 'YYYY-MM-DD'), '717.243.587-86' );
INSERT INTO compoe ( nomeBanda, dataCriacaoBanda, cpfMusico )
	VALUES ( 'Emanuel Ramos', to_date ('2006-06-15', 'YYYY-MM-DD'), '306.049.319-57' );
INSERT INTO compoe ( nomeBanda, dataCriacaoBanda, cpfMusico )
	VALUES ( 'Maria Eduarda Azevedo', to_date ('2004-05-04', 'YYYY-MM-DD'), '880.113.284-47' );
INSERT INTO compoe ( nomeBanda, dataCriacaoBanda, cpfMusico )
	VALUES ( 'Ana Júlia Freitas', to_date ('2014-09-14', 'YYYY-MM-DD'), '667.594.829-40' );
INSERT INTO compoe ( nomeBanda, dataCriacaoBanda, cpfMusico )
	VALUES ( 'Joana Mendes', to_date ('2011-07-21', 'YYYY-MM-DD'), '290.521.837-81' );
INSERT INTO compoe ( nomeBanda, dataCriacaoBanda, cpfMusico )
	VALUES ( 'Luiz Miguel da Mata', to_date ('2012-07-25', 'YYYY-MM-DD'), '468.231.693-35' );
INSERT INTO compoe ( nomeBanda, dataCriacaoBanda, cpfMusico )
	VALUES ( 'Sr. João Guilherme das Neves', to_date ('2005-09-07', 'YYYY-MM-DD'), '868.836.386-43' );
INSERT INTO compoe ( nomeBanda, dataCriacaoBanda, cpfMusico )
	VALUES ( 'Maria Eduarda Azevedo', to_date ('2004-05-04', 'YYYY-MM-DD'), '102.468.382-02' );

/* TABLE festaNoCruzeiro */
INSERT INTO festaNoCruzeiro ( dataFim, dataInicio, IMO, numeroConvidados, nome )
	VALUES ( to_date ('2011-02-23', 'YYYY-MM-DD'), to_date ('2009-02-07', 'YYYY-MM-DD'), 247694, 756210, 'Daniela da Costa' );
INSERT INTO festaNoCruzeiro ( dataFim, dataInicio, IMO, numeroConvidados, nome )
	VALUES ( to_date ('2012-01-20', 'YYYY-MM-DD'), to_date ('2000-06-06', 'YYYY-MM-DD'), 712686, 739457, 'Dr. Guilherme Gonçalves' );
INSERT INTO festaNoCruzeiro ( dataFim, dataInicio, IMO, numeroConvidados, nome )
	VALUES ( to_date ('2015-03-17', 'YYYY-MM-DD'), to_date ('2007-02-03', 'YYYY-MM-DD'), 301764, 338304, 'Larissa Novaes' );
INSERT INTO festaNoCruzeiro ( dataFim, dataInicio, IMO, numeroConvidados, nome )
	VALUES ( to_date ('2015-11-01', 'YYYY-MM-DD'), to_date ('2014-03-17', 'YYYY-MM-DD'), 857133, 498667, 'Lívia Monteiro' );
INSERT INTO festaNoCruzeiro ( dataFim, dataInicio, IMO, numeroConvidados, nome )
	VALUES ( to_date ('2005-05-19', 'YYYY-MM-DD'), to_date ('2001-11-03', 'YYYY-MM-DD'), 830280, 632449, 'Pietra Nascimento' );
INSERT INTO festaNoCruzeiro ( dataFim, dataInicio, IMO, numeroConvidados, nome )
	VALUES ( to_date ('2011-01-13', 'YYYY-MM-DD'), to_date ('2011-03-11', 'YYYY-MM-DD'), 601888, 856813, 'Amanda Monteiro' );
INSERT INTO festaNoCruzeiro ( dataFim, dataInicio, IMO, numeroConvidados, nome )
	VALUES ( to_date ('2007-09-07', 'YYYY-MM-DD'), to_date ('2016-03-09', 'YYYY-MM-DD'), 168360, 643702, 'Cauê Vieira' );
INSERT INTO festaNoCruzeiro ( dataFim, dataInicio, IMO, numeroConvidados, nome )
	VALUES ( to_date ('2000-02-25', 'YYYY-MM-DD'), to_date ('2009-08-29', 'YYYY-MM-DD'), 339519, 481354, 'Dra. Maria Alice Pereira' );
INSERT INTO festaNoCruzeiro ( dataFim, dataInicio, IMO, numeroConvidados, nome )
	VALUES ( to_date ('2008-04-01', 'YYYY-MM-DD'), to_date ('2012-04-14', 'YYYY-MM-DD'), 363361, 136484, 'Ana Julia Alves' );
INSERT INTO festaNoCruzeiro ( dataFim, dataInicio, IMO, numeroConvidados, nome )
	VALUES ( to_date ('2016-02-08', 'YYYY-MM-DD'), to_date ('2001-11-01', 'YYYY-MM-DD'), 724713, 370073, 'Dr. João Felipe Melo' );
INSERT INTO festaNoCruzeiro ( dataFim, dataInicio, IMO, numeroConvidados, nome )
	VALUES ( to_date ('2010-02-02', 'YYYY-MM-DD'), to_date ('2006-10-03', 'YYYY-MM-DD'), 239455, 562406, 'Yasmin Cunha' );
INSERT INTO festaNoCruzeiro ( dataFim, dataInicio, IMO, numeroConvidados, nome )
	VALUES ( to_date ('2018-03-17', 'YYYY-MM-DD'), to_date ('2009-10-28', 'YYYY-MM-DD'), 476051, 326896, 'Julia Gomes' );
INSERT INTO festaNoCruzeiro ( dataFim, dataInicio, IMO, numeroConvidados, nome )
	VALUES ( to_date ('2018-04-14', 'YYYY-MM-DD'), to_date ('2008-10-21', 'YYYY-MM-DD'), 747267, 195771, 'Guilherme Barros' );
INSERT INTO festaNoCruzeiro ( dataFim, dataInicio, IMO, numeroConvidados, nome )
	VALUES ( to_date ('2013-02-08', 'YYYY-MM-DD'), to_date ('2001-11-18', 'YYYY-MM-DD'), 208275, 355016, 'Dra. Evelyn da Rocha' );
INSERT INTO festaNoCruzeiro ( dataFim, dataInicio, IMO, numeroConvidados, nome )
	VALUES ( to_date ('2009-04-12', 'YYYY-MM-DD'), to_date ('2003-06-20', 'YYYY-MM-DD'), 839838, 349273, 'Rafaela Barbosa' );
INSERT INTO festaNoCruzeiro ( dataFim, dataInicio, IMO, numeroConvidados, nome )
	VALUES ( to_date ('2003-11-25', 'YYYY-MM-DD'), to_date ('2006-01-11', 'YYYY-MM-DD'), 754164, 242128, 'Catarina Novaes' );
INSERT INTO festaNoCruzeiro ( dataFim, dataInicio, IMO, numeroConvidados, nome )
	VALUES ( to_date ('2003-09-25', 'YYYY-MM-DD'), to_date ('2002-04-26', 'YYYY-MM-DD'), 602404, 610684, 'Francisco Gomes' );
INSERT INTO festaNoCruzeiro ( dataFim, dataInicio, IMO, numeroConvidados, nome )
	VALUES ( to_date ('2004-06-14', 'YYYY-MM-DD'), to_date ('2012-10-28', 'YYYY-MM-DD'), 452878, 442627, 'Ana Sophia Pereira' );
INSERT INTO festaNoCruzeiro ( dataFim, dataInicio, IMO, numeroConvidados, nome )
	VALUES ( to_date ('2011-09-03', 'YYYY-MM-DD'), to_date ('2008-03-11', 'YYYY-MM-DD'), 302037, 388018, 'Luiza Teixeira' );
INSERT INTO festaNoCruzeiro ( dataFim, dataInicio, IMO, numeroConvidados, nome )
	VALUES ( to_date ('2011-03-22', 'YYYY-MM-DD'), to_date ('2004-10-10', 'YYYY-MM-DD'), 895747, 130298, 'João Moreira' );
INSERT INTO festaNoCruzeiro ( dataFim, dataInicio, IMO, numeroConvidados, nome )
	VALUES ( to_date ('2011-07-02', 'YYYY-MM-DD'), to_date ('2014-05-03', 'YYYY-MM-DD'), 544227, 325261, 'Sofia Jesus' );
INSERT INTO festaNoCruzeiro ( dataFim, dataInicio, IMO, numeroConvidados, nome )
	VALUES ( to_date ('2001-11-20', 'YYYY-MM-DD'), to_date ('2001-09-23', 'YYYY-MM-DD'), 415006, 685665, 'Leonardo Ramos' );
INSERT INTO festaNoCruzeiro ( dataFim, dataInicio, IMO, numeroConvidados, nome )
	VALUES ( to_date ('2016-06-19', 'YYYY-MM-DD'), to_date ('2012-07-02', 'YYYY-MM-DD'), 689693, 743252, 'Rafael Porto' );
INSERT INTO festaNoCruzeiro ( dataFim, dataInicio, IMO, numeroConvidados, nome )
	VALUES ( to_date ('2004-02-04', 'YYYY-MM-DD'), to_date ('2003-08-21', 'YYYY-MM-DD'), 673271, 163828, 'Thales Silva' );
INSERT INTO festaNoCruzeiro ( dataFim, dataInicio, IMO, numeroConvidados, nome )
	VALUES ( to_date ('2014-05-07', 'YYYY-MM-DD'), to_date ('2013-01-29', 'YYYY-MM-DD'), 631679, 618753, 'Yasmin da Cunha' );
INSERT INTO festaNoCruzeiro ( dataFim, dataInicio, IMO, numeroConvidados, nome )
	VALUES ( to_date ('2003-04-29', 'YYYY-MM-DD'), to_date ('2005-10-19', 'YYYY-MM-DD'), 317635, 151302, 'Pietra da Mota' );
INSERT INTO festaNoCruzeiro ( dataFim, dataInicio, IMO, numeroConvidados, nome )
	VALUES ( to_date ('2001-05-28', 'YYYY-MM-DD'), to_date ('2003-07-21', 'YYYY-MM-DD'), 158652, 292085, 'Guilherme Moreira' );
INSERT INTO festaNoCruzeiro ( dataFim, dataInicio, IMO, numeroConvidados, nome )
	VALUES ( to_date ('2005-10-27', 'YYYY-MM-DD'), to_date ('2005-06-10', 'YYYY-MM-DD'), 496379, 868732, 'Maria Eduarda Gomes' );
INSERT INTO festaNoCruzeiro ( dataFim, dataInicio, IMO, numeroConvidados, nome )
	VALUES ( to_date ('2011-07-05', 'YYYY-MM-DD'), to_date ('2017-02-14', 'YYYY-MM-DD'), 255154, 201501, 'Sra. Isis Lopes' );
INSERT INTO festaNoCruzeiro ( dataFim, dataInicio, IMO, numeroConvidados, nome )
	VALUES ( to_date ('2004-03-10', 'YYYY-MM-DD'), to_date ('2018-07-28', 'YYYY-MM-DD'), 706396, 496981, 'Maysa Gomes' );
INSERT INTO festaNoCruzeiro ( dataFim, dataInicio, IMO, numeroConvidados, nome )
	VALUES ( to_date ('2018-06-06', 'YYYY-MM-DD'), to_date ('2005-04-14', 'YYYY-MM-DD'), 665078, 266363, 'Pedro Miguel Nogueira' );
INSERT INTO festaNoCruzeiro ( dataFim, dataInicio, IMO, numeroConvidados, nome )
	VALUES ( to_date ('2017-09-25', 'YYYY-MM-DD'), to_date ('2000-07-11', 'YYYY-MM-DD'), 615485, 116590, 'Breno Ramos' );
INSERT INTO festaNoCruzeiro ( dataFim, dataInicio, IMO, numeroConvidados, nome )
	VALUES ( to_date ('2002-06-23', 'YYYY-MM-DD'), to_date ('2013-07-01', 'YYYY-MM-DD'), 455294, 348477, 'André Mendes' );
INSERT INTO festaNoCruzeiro ( dataFim, dataInicio, IMO, numeroConvidados, nome )
	VALUES ( to_date ('2001-03-22', 'YYYY-MM-DD'), to_date ('2006-05-21', 'YYYY-MM-DD'), 247060, 284274, 'Samuel Souza' );
INSERT INTO festaNoCruzeiro ( dataFim, dataInicio, IMO, numeroConvidados, nome )
	VALUES ( to_date ('2003-05-29', 'YYYY-MM-DD'), to_date ('2015-10-10', 'YYYY-MM-DD'), 240182, 607522, 'Joana Jesus' );
INSERT INTO festaNoCruzeiro ( dataFim, dataInicio, IMO, numeroConvidados, nome )
	VALUES ( to_date ('2000-10-29', 'YYYY-MM-DD'), to_date ('2007-05-29', 'YYYY-MM-DD'), 271640, 837528, 'Sr. Ryan Moura' );
INSERT INTO festaNoCruzeiro ( dataFim, dataInicio, IMO, numeroConvidados, nome )
	VALUES ( to_date ('2002-05-17', 'YYYY-MM-DD'), to_date ('2018-07-20', 'YYYY-MM-DD'), 708503, 214145, 'Benjamin Gomes' );
INSERT INTO festaNoCruzeiro ( dataFim, dataInicio, IMO, numeroConvidados, nome )
	VALUES ( to_date ('2003-06-08', 'YYYY-MM-DD'), to_date ('2013-08-15', 'YYYY-MM-DD'), 642178, 707045, 'Alexia da Mata' );
INSERT INTO festaNoCruzeiro ( dataFim, dataInicio, IMO, numeroConvidados, nome )
	VALUES ( to_date ('2003-09-09', 'YYYY-MM-DD'), to_date ('2000-11-01', 'YYYY-MM-DD'), 590968, 781190, 'Danilo da Conceição' );
INSERT INTO festaNoCruzeiro ( dataFim, dataInicio, IMO, numeroConvidados, nome )
	VALUES ( to_date ('2000-10-24', 'YYYY-MM-DD'), to_date ('2008-11-05', 'YYYY-MM-DD'), 297097, 346789, 'Luana Gonçalves' );
/* NULL INSERTION FOR ATTRIBUTE dataFim AT TABLE festaNoCruzeiro  */
 INSERT INTO festaNoCruzeiro ( dataFim, dataInicio, IMO, numeroConvidados, nome )
	VALUES ( NULL, to_date ('2013-02-23', 'YYYY-MM-DD'), 467033, 514005, 'Thomas Correia' );
/* NULL INSERTION FOR ATTRIBUTE numeroConvidados AT TABLE festaNoCruzeiro  */
 INSERT INTO festaNoCruzeiro ( dataFim, dataInicio, IMO, numeroConvidados, nome )
	VALUES ( to_date ('2017-03-19', 'YYYY-MM-DD'), to_date ('2008-04-26', 'YYYY-MM-DD'), 630689, NULL, 'Emanuella da Cunha' );

/* TABLE locaisCruzeiro */
INSERT INTO locaisCruzeiro ( dataFesta, IMO, local )
	VALUES ( to_date ('2002-04-26', 'YYYY-MM-DD'), 602404, 'Dolorem labore dicta non quisquam aspernatur. Aliquid quibusdam accusamus inventore. Enim commodi voluptate eius nam repud' );
INSERT INTO locaisCruzeiro ( dataFesta, IMO, local )
	VALUES ( to_date ('2015-10-10', 'YYYY-MM-DD'), 240182, 'Saepe ad dolore pariatur.Fugiat dolor dolor alias magnam nobis.Voluptas nesciunt nemo at magnam a' );
INSERT INTO locaisCruzeiro ( dataFesta, IMO, local )
	VALUES ( to_date ('2018-07-28', 'YYYY-MM-DD'), 706396, 'Aliquid amet minus vel. Odit id placeat tenetur est explicabo. Maiores debitis ' );
INSERT INTO locaisCruzeiro ( dataFesta, IMO, local )
	VALUES ( to_date ('2012-04-14', 'YYYY-MM-DD'), 363361, 'Nesciunt itaque dignissimos omnis suscipit voluptate. Inventore cupiditate officiis dolorem vitae illo modi' );
INSERT INTO locaisCruzeiro ( dataFesta, IMO, local )
	VALUES ( to_date ('2018-07-20', 'YYYY-MM-DD'), 708503, 'Voluptates temporibus praesentium.Quasi provident eos facilis ea. Incidunt' );
INSERT INTO locaisCruzeiro ( dataFesta, IMO, local )
	VALUES ( to_date ('2007-05-29', 'YYYY-MM-DD'), 271640, 'Sed veritatis veniam nisi eos dolores in. Commodi vitae fugit voluptatibus repellendus excepturi doloribus aliquam.' );
INSERT INTO locaisCruzeiro ( dataFesta, IMO, local )
	VALUES ( to_date ('2005-06-10', 'YYYY-MM-DD'), 496379, 'Doloremque vitae assumenda nesciunt saepe vero sunt. Doloribus accusantium expedita laborum repellendus.Quisquam labo' );
INSERT INTO locaisCruzeiro ( dataFesta, IMO, local )
	VALUES ( to_date ('2004-10-10', 'YYYY-MM-DD'), 895747, 'Nemo perspiciatis quos voluptatum nisi iure. Ducimus quisquam autem architecto omnis.Vero ipsam' );
INSERT INTO locaisCruzeiro ( dataFesta, IMO, local )
	VALUES ( to_date ('2012-10-28', 'YYYY-MM-DD'), 452878, 'Molestiae porro fugiat eos rem beatae aliquam voluptatem. Similique' );
INSERT INTO locaisCruzeiro ( dataFesta, IMO, local )
	VALUES ( to_date ('2008-03-11', 'YYYY-MM-DD'), 302037, 'Ex omnis itaque doloremque velit tempore atque. Recusandae asperiores il' );
INSERT INTO locaisCruzeiro ( dataFesta, IMO, local )
	VALUES ( to_date ('2009-10-28', 'YYYY-MM-DD'), 476051, 'Laboriosam amet hic explicabo. Laudantium labore architecto ut.Hic' );
INSERT INTO locaisCruzeiro ( dataFesta, IMO, local )
	VALUES ( to_date ('2001-09-23', 'YYYY-MM-DD'), 415006, 'Ut architecto ullam necessitatibus. Modi tenetur quod repellat doloribus quam d' );
INSERT INTO locaisCruzeiro ( dataFesta, IMO, local )
	VALUES ( to_date ('2013-07-01', 'YYYY-MM-DD'), 455294, 'A autem nemo autem quae dolor saepe. Natus inventore id earum delectus odio.' );
INSERT INTO locaisCruzeiro ( dataFesta, IMO, local )
	VALUES ( to_date ('2000-11-01', 'YYYY-MM-DD'), 590968, 'Sit consectetur neque fuga rem ducimus. Animi quos harum incidunt ducimus.' );
INSERT INTO locaisCruzeiro ( dataFesta, IMO, local )
	VALUES ( to_date ('2003-08-21', 'YYYY-MM-DD'), 673271, 'Non cupiditate dolor repellendus. Non quas soluta assumenda sint c' );
INSERT INTO locaisCruzeiro ( dataFesta, IMO, local )
	VALUES ( to_date ('2005-04-14', 'YYYY-MM-DD'), 665078, 'Minima est laudantium architecto cupiditate.Eveniet accusantium veritatis similique. Maxime itaque temporibus inven' );
INSERT INTO locaisCruzeiro ( dataFesta, IMO, local )
	VALUES ( to_date ('2014-03-17', 'YYYY-MM-DD'), 857133, 'Accusamus numquam vitae repellendus id. Ipsum dolores hic impedit vitae.' );
INSERT INTO locaisCruzeiro ( dataFesta, IMO, local )
	VALUES ( to_date ('2012-07-02', 'YYYY-MM-DD'), 689693, 'Natus laudantium deserunt. Commodi dolorem nemo incidunt labore. Aperiam eius amet consequuntur animi explicabo.' );
INSERT INTO locaisCruzeiro ( dataFesta, IMO, local )
	VALUES ( to_date ('2001-11-03', 'YYYY-MM-DD'), 830280, 'Porro aliquam delectus at non amet. Voluptas laudantium asperiores natus nobis. Fugiat beatae illum architec' );
INSERT INTO locaisCruzeiro ( dataFesta, IMO, local )
	VALUES ( to_date ('2000-07-11', 'YYYY-MM-DD'), 615485, 'Asperiores sapiente culpa. Fuga quo rem ducimus nam officiis. Praesentium tempora voluptate. Eaque quasi esse ' );
INSERT INTO locaisCruzeiro ( dataFesta, IMO, local )
	VALUES ( to_date ('2001-11-18', 'YYYY-MM-DD'), 208275, 'Minus vel veritatis optio. Quidem impedit earum nulla molestias temporibus neque.D' );
INSERT INTO locaisCruzeiro ( dataFesta, IMO, local )
	VALUES ( to_date ('2006-01-11', 'YYYY-MM-DD'), 754164, 'Laborum voluptates cupiditate rem sunt expedita adipisci. Voluptatum quod tempore quo. Natus quidem la' );
INSERT INTO locaisCruzeiro ( dataFesta, IMO, local )
	VALUES ( to_date ('2014-05-03', 'YYYY-MM-DD'), 544227, 'Tempore deserunt repellat iure. Eos cum molestiae ullam officia.Occaecati enim et t' );
INSERT INTO locaisCruzeiro ( dataFesta, IMO, local )
	VALUES ( to_date ('2006-05-21', 'YYYY-MM-DD'), 247060, 'Consectetur perspiciatis eum dolore perferendis sed eaque. Magnam ' );
INSERT INTO locaisCruzeiro ( dataFesta, IMO, local )
	VALUES ( to_date ('2008-11-05', 'YYYY-MM-DD'), 297097, 'Culpa dicta vitae ipsum optio nisi. Impedit placeat ab esse.Alias ex' );
INSERT INTO locaisCruzeiro ( dataFesta, IMO, local )
	VALUES ( to_date ('2013-08-15', 'YYYY-MM-DD'), 642178, 'Quas esse repellendus corrupti id.' );
INSERT INTO locaisCruzeiro ( dataFesta, IMO, local )
	VALUES ( to_date ('2003-07-21', 'YYYY-MM-DD'), 158652, 'Cumque vel quod ab rerum.Nulla rerum at quod. Dolorem ex voluptatibus nostrum iure quibus' );
INSERT INTO locaisCruzeiro ( dataFesta, IMO, local )
	VALUES ( to_date ('2017-02-14', 'YYYY-MM-DD'), 255154, 'Blanditiis quae asperiores asperiores voluptas sit. Magni repellendus hic impedit commodi m' );
INSERT INTO locaisCruzeiro ( dataFesta, IMO, local )
	VALUES ( to_date ('2013-01-29', 'YYYY-MM-DD'), 631679, 'Modi quisquam repudiandae sunt eaque aliquid. Accusantium vitae alias soluta vel beatae neque' );
INSERT INTO locaisCruzeiro ( dataFesta, IMO, local )
	VALUES ( to_date ('2005-10-19', 'YYYY-MM-DD'), 317635, 'Dolorum adipisci sed ut. Enim voluptatem vero provident hic debitis. Enim aspernatur nulla repellat temp' );
INSERT INTO locaisCruzeiro ( dataFesta, IMO, local )
	VALUES ( to_date ('2011-03-11', 'YYYY-MM-DD'), 601888, 'Officia saepe eveniet ab nihil quidem vitae. Aut velit earum quod voluptatum aut voluptate. Ad id veritatis laboriosam.' );
INSERT INTO locaisCruzeiro ( dataFesta, IMO, local )
	VALUES ( to_date ('2006-10-03', 'YYYY-MM-DD'), 239455, 'Cupiditate consectetur doloremque optio saepe at. Adipisci consequuntur quod nihil. Repellat ver' );
INSERT INTO locaisCruzeiro ( dataFesta, IMO, local )
	VALUES ( to_date ('2001-11-01', 'YYYY-MM-DD'), 724713, 'Distinctio id quis amet debitis iste modi.Tempore debitis quis minus dolo' );
INSERT INTO locaisCruzeiro ( dataFesta, IMO, local )
	VALUES ( to_date ('2009-08-29', 'YYYY-MM-DD'), 339519, 'Excepturi culpa commodi aspernatur veritatis non. Modi neque provident veritatis illum sapiente saepe tenetur.Nes' );
INSERT INTO locaisCruzeiro ( dataFesta, IMO, local )
	VALUES ( to_date ('2000-06-06', 'YYYY-MM-DD'), 712686, 'Fuga minima hic perspiciatis illum. Modi vel neque.Culpa beatae officiis modi magni deserunt natus. Nihil co' );
INSERT INTO locaisCruzeiro ( dataFesta, IMO, local )
	VALUES ( to_date ('2016-03-09', 'YYYY-MM-DD'), 168360, 'Asperiores saepe reprehenderit perferendis sint. Aspernatur saepe quis qu' );
INSERT INTO locaisCruzeiro ( dataFesta, IMO, local )
	VALUES ( to_date ('2008-10-21', 'YYYY-MM-DD'), 747267, 'Est quos ad maxime quia eos. Sunt nulla necessitatibus cumque dolore.Anim' );
INSERT INTO locaisCruzeiro ( dataFesta, IMO, local )
	VALUES ( to_date ('2009-02-07', 'YYYY-MM-DD'), 247694, 'Ipsum facere culpa quibusdam laudantium odio. Vero eligendi provident sed exercitationem o' );
INSERT INTO locaisCruzeiro ( dataFesta, IMO, local )
	VALUES ( to_date ('2003-06-20', 'YYYY-MM-DD'), 839838, 'Cupiditate illum beatae unde ab ipsa officiis. Explicabo officia aut laboriosam et.Laudantium ill' );
INSERT INTO locaisCruzeiro ( dataFesta, IMO, local )
	VALUES ( to_date ('2007-02-03', 'YYYY-MM-DD'), 301764, 'Voluptas sint eaque voluptatum placeat magni omnis. Veritatis quibusdam voluptates nesc' );

/* TABLE show */
INSERT INTO show ( nomeBanda, horaInicio, contrato, IMO, terminoPrevisto, dataCriacaoBanda, data, dataFesta )
	VALUES ( 'Elisa Almeida', '13:41:01', 'Fugit laboriosam aut recusandae id par', 673271, to_timestamp ('2001-05-14 05:19:09', 'YYYY-MM-DD HH24:MI:SS'), to_date ('2011-02-04', 'YYYY-MM-DD'), to_date ('2018-11-13', 'YYYY-MM-DD'), to_date ('2003-08-21', 'YYYY-MM-DD') );
INSERT INTO show ( nomeBanda, horaInicio, contrato, IMO, terminoPrevisto, dataCriacaoBanda, data, dataFesta )
	VALUES ( 'Luiz Fernando Melo', '05:28:33', 'Mollitia ducimus facilis officiis culpa laborum. Offici', 255154, to_timestamp ('2012-10-19 09:41:25', 'YYYY-MM-DD HH24:MI:SS'), to_date ('2004-01-11', 'YYYY-MM-DD'), to_date ('2018-05-28', 'YYYY-MM-DD'), to_date ('2017-02-14', 'YYYY-MM-DD') );
INSERT INTO show ( nomeBanda, horaInicio, contrato, IMO, terminoPrevisto, dataCriacaoBanda, data, dataFesta )
	VALUES ( 'Ana Lívia Caldeira', '09:02:01', 'Amet ipsum culpa dignissimos officiis. Sapiente comm', 895747, to_timestamp ('2005-07-17 06:39:01', 'YYYY-MM-DD HH24:MI:SS'), to_date ('2012-05-11', 'YYYY-MM-DD'), to_date ('2001-10-06', 'YYYY-MM-DD'), to_date ('2004-10-10', 'YYYY-MM-DD') );
INSERT INTO show ( nomeBanda, horaInicio, contrato, IMO, terminoPrevisto, dataCriacaoBanda, data, dataFesta )
	VALUES ( 'Alexandre Rezende', '02:21:50', 'Dolorem accusamus saepe repellendus. Rep', 830280, to_timestamp ('2010-03-20 22:15:29', 'YYYY-MM-DD HH24:MI:SS'), to_date ('2005-10-13', 'YYYY-MM-DD'), to_date ('2001-05-28', 'YYYY-MM-DD'), to_date ('2001-11-03', 'YYYY-MM-DD') );
INSERT INTO show ( nomeBanda, horaInicio, contrato, IMO, terminoPrevisto, dataCriacaoBanda, data, dataFesta )
	VALUES ( 'Joana Mendes', '15:40:00', 'Esse autem similique. Praesentium error ', 208275, to_timestamp ('2001-01-09 20:09:19', 'YYYY-MM-DD HH24:MI:SS'), to_date ('2011-07-21', 'YYYY-MM-DD'), to_date ('2012-04-30', 'YYYY-MM-DD'), to_date ('2001-11-18', 'YYYY-MM-DD') );
INSERT INTO show ( nomeBanda, horaInicio, contrato, IMO, terminoPrevisto, dataCriacaoBanda, data, dataFesta )
	VALUES ( 'Igor Nascimento', '11:28:42', 'Distinctio suscipit suscipit veniam praesentium. Sapiente odit ', 665078, to_timestamp ('2011-02-07 03:27:26', 'YYYY-MM-DD HH24:MI:SS'), to_date ('2005-05-14', 'YYYY-MM-DD'), to_date ('2004-04-30', 'YYYY-MM-DD'), to_date ('2005-04-14', 'YYYY-MM-DD') );
INSERT INTO show ( nomeBanda, horaInicio, contrato, IMO, terminoPrevisto, dataCriacaoBanda, data, dataFesta )
	VALUES ( 'Pietro Silveira', '01:31:03', 'Officia sit nobis eligendi inventore fuga. Repellat repelle', 158652, to_timestamp ('2018-05-22 16:52:45', 'YYYY-MM-DD HH24:MI:SS'), to_date ('2002-06-21', 'YYYY-MM-DD'), to_date ('2014-07-02', 'YYYY-MM-DD'), to_date ('2003-07-21', 'YYYY-MM-DD') );
INSERT INTO show ( nomeBanda, horaInicio, contrato, IMO, terminoPrevisto, dataCriacaoBanda, data, dataFesta )
	VALUES ( 'Srta. Valentina Vieira', '05:43:51', 'Eaque deserunt explicabo corporis harum dignissimos maiore', 708503, to_timestamp ('2004-08-05 00:14:54', 'YYYY-MM-DD HH24:MI:SS'), to_date ('2000-06-28', 'YYYY-MM-DD'), to_date ('2013-11-10', 'YYYY-MM-DD'), to_date ('2018-07-20', 'YYYY-MM-DD') );
INSERT INTO show ( nomeBanda, horaInicio, contrato, IMO, terminoPrevisto, dataCriacaoBanda, data, dataFesta )
	VALUES ( 'Sra. Beatriz Freitas', '08:22:02', 'Odit accusantium reiciendis veritatis ratione praesentium ', 339519, to_timestamp ('2018-10-22 04:09:18', 'YYYY-MM-DD HH24:MI:SS'), to_date ('2009-09-14', 'YYYY-MM-DD'), to_date ('2008-02-11', 'YYYY-MM-DD'), to_date ('2009-08-29', 'YYYY-MM-DD') );
INSERT INTO show ( nomeBanda, horaInicio, contrato, IMO, terminoPrevisto, dataCriacaoBanda, data, dataFesta )
	VALUES ( 'Dr. Marcos Vinicius Castro', '16:07:04', 'Vero asperiores sint perferendis asperiores volup', 724713, to_timestamp ('2014-03-20 00:42:22', 'YYYY-MM-DD HH24:MI:SS'), to_date ('2002-10-13', 'YYYY-MM-DD'), to_date ('2017-08-26', 'YYYY-MM-DD'), to_date ('2001-11-01', 'YYYY-MM-DD') );
INSERT INTO show ( nomeBanda, horaInicio, contrato, IMO, terminoPrevisto, dataCriacaoBanda, data, dataFesta )
	VALUES ( 'Alexia da Cunha', '03:52:40', 'Voluptas quos a eveniet tempore. Q', 239455, to_timestamp ('2008-05-01 05:06:12', 'YYYY-MM-DD HH24:MI:SS'), to_date ('2017-05-18', 'YYYY-MM-DD'), to_date ('2017-08-05', 'YYYY-MM-DD'), to_date ('2006-10-03', 'YYYY-MM-DD') );
INSERT INTO show ( nomeBanda, horaInicio, contrato, IMO, terminoPrevisto, dataCriacaoBanda, data, dataFesta )
	VALUES ( 'Enrico Araújo', '00:21:37', 'Suscipit sit autem alias autem. Itaque eveniet quo dicta', 301764, to_timestamp ('2007-06-23 20:49:36', 'YYYY-MM-DD HH24:MI:SS'), to_date ('2001-06-25', 'YYYY-MM-DD'), to_date ('2015-01-03', 'YYYY-MM-DD'), to_date ('2007-02-03', 'YYYY-MM-DD') );
INSERT INTO show ( nomeBanda, horaInicio, contrato, IMO, terminoPrevisto, dataCriacaoBanda, data, dataFesta )
	VALUES ( 'Sofia Almeida', '13:17:19', 'Veniam inventore eum. Praesentium pr', 415006, to_timestamp ('2003-02-25 02:22:02', 'YYYY-MM-DD HH24:MI:SS'), to_date ('2008-04-08', 'YYYY-MM-DD'), to_date ('2002-04-18', 'YYYY-MM-DD'), to_date ('2001-09-23', 'YYYY-MM-DD') );
INSERT INTO show ( nomeBanda, horaInicio, contrato, IMO, terminoPrevisto, dataCriacaoBanda, data, dataFesta )
	VALUES ( 'Sr. Augusto Novaes', '15:50:30', 'Iste distinctio tempore fugit placeat. Null', 455294, to_timestamp ('2017-04-06 13:40:27', 'YYYY-MM-DD HH24:MI:SS'), to_date ('2012-07-15', 'YYYY-MM-DD'), to_date ('2005-10-22', 'YYYY-MM-DD'), to_date ('2013-07-01', 'YYYY-MM-DD') );
INSERT INTO show ( nomeBanda, horaInicio, contrato, IMO, terminoPrevisto, dataCriacaoBanda, data, dataFesta )
	VALUES ( 'Pietro Silveira', '05:29:48', 'Tempore error at asperiores fugit', 615485, to_timestamp ('2001-11-26 03:26:03', 'YYYY-MM-DD HH24:MI:SS'), to_date ('2002-06-21', 'YYYY-MM-DD'), to_date ('2004-06-16', 'YYYY-MM-DD'), to_date ('2000-07-11', 'YYYY-MM-DD') );
INSERT INTO show ( nomeBanda, horaInicio, contrato, IMO, terminoPrevisto, dataCriacaoBanda, data, dataFesta )
	VALUES ( 'Lucas da Luz', '01:44:43', 'Minima minus voluptates neque odio excepturi. In officia ', 476051, to_timestamp ('2017-10-14 01:55:03', 'YYYY-MM-DD HH24:MI:SS'), to_date ('2000-01-06', 'YYYY-MM-DD'), to_date ('2014-09-04', 'YYYY-MM-DD'), to_date ('2009-10-28', 'YYYY-MM-DD') );
INSERT INTO show ( nomeBanda, horaInicio, contrato, IMO, terminoPrevisto, dataCriacaoBanda, data, dataFesta )
	VALUES ( 'Lucas Moura', '04:42:20', 'Officiis sed consequatur dolor eos magnam. Amet aliqu', 708503, to_timestamp ('2002-06-21 03:34:05', 'YYYY-MM-DD HH24:MI:SS'), to_date ('2017-08-30', 'YYYY-MM-DD'), to_date ('2002-04-10', 'YYYY-MM-DD'), to_date ('2018-07-20', 'YYYY-MM-DD') );
INSERT INTO show ( nomeBanda, horaInicio, contrato, IMO, terminoPrevisto, dataCriacaoBanda, data, dataFesta )
	VALUES ( 'Dr. Marcos Vinicius Castro', '02:01:41', 'A labore laudantium nihil. Placeat repellend', 830280, to_timestamp ('2015-08-04 05:49:13', 'YYYY-MM-DD HH24:MI:SS'), to_date ('2002-10-13', 'YYYY-MM-DD'), to_date ('2001-11-01', 'YYYY-MM-DD'), to_date ('2001-11-03', 'YYYY-MM-DD') );
INSERT INTO show ( nomeBanda, horaInicio, contrato, IMO, terminoPrevisto, dataCriacaoBanda, data, dataFesta )
	VALUES ( 'Ana Luiza FariasFernandes', '11:56:53', 'Deleniti impedit ab reiciendis debitis nihil quis. Iu', 673271, to_timestamp ('2008-10-08 01:32:18', 'YYYY-MM-DD HH24:MI:SS'), to_date ('2006-10-14', 'YYYY-MM-DD'), to_date ('2007-08-02', 'YYYY-MM-DD'), to_date ('2003-08-21', 'YYYY-MM-DD') );
INSERT INTO show ( nomeBanda, horaInicio, contrato, IMO, terminoPrevisto, dataCriacaoBanda, data, dataFesta )
	VALUES ( 'Maria Cecília Lopes', '18:31:54', 'Soluta enim ea blanditiis offici', 452878, to_timestamp ('2007-09-14 17:29:20', 'YYYY-MM-DD HH24:MI:SS'), to_date ('2005-04-29', 'YYYY-MM-DD'), to_date ('2006-05-17', 'YYYY-MM-DD'), to_date ('2012-10-28', 'YYYY-MM-DD') );
INSERT INTO show ( nomeBanda, horaInicio, contrato, IMO, terminoPrevisto, dataCriacaoBanda, data, dataFesta )
	VALUES ( 'Maria Julia Pires', '04:22:31', 'Culpa rerum dolorum ipsam autem totam vero ex. Id ip', 317635, to_timestamp ('2003-08-03 02:52:11', 'YYYY-MM-DD HH24:MI:SS'), to_date ('2011-06-16', 'YYYY-MM-DD'), to_date ('2005-11-09', 'YYYY-MM-DD'), to_date ('2005-10-19', 'YYYY-MM-DD') );
INSERT INTO show ( nomeBanda, horaInicio, contrato, IMO, terminoPrevisto, dataCriacaoBanda, data, dataFesta )
	VALUES ( 'Nicole Ferreira', '18:55:49', 'Odio occaecati officia distinctio consequatur harum. ', 708503, to_timestamp ('2014-08-09 07:32:27', 'YYYY-MM-DD HH24:MI:SS'), to_date ('2003-11-15', 'YYYY-MM-DD'), to_date ('2018-08-25', 'YYYY-MM-DD'), to_date ('2018-07-20', 'YYYY-MM-DD') );
INSERT INTO show ( nomeBanda, horaInicio, contrato, IMO, terminoPrevisto, dataCriacaoBanda, data, dataFesta )
	VALUES ( 'Isabelly Porto', '08:42:39', 'Nam iusto eius tenetur. Numquam eveniet officia iusto par', 754164, to_timestamp ('2017-07-22 19:46:18', 'YYYY-MM-DD HH24:MI:SS'), to_date ('2010-01-13', 'YYYY-MM-DD'), to_date ('2013-03-19', 'YYYY-MM-DD'), to_date ('2006-01-11', 'YYYY-MM-DD') );
INSERT INTO show ( nomeBanda, horaInicio, contrato, IMO, terminoPrevisto, dataCriacaoBanda, data, dataFesta )
	VALUES ( 'Amanda Alves', '07:40:32', 'Doloribus ex dolores laborum ducimus fugiat. Neq', 247694, to_timestamp ('2013-01-25 02:07:07', 'YYYY-MM-DD HH24:MI:SS'), to_date ('2014-04-18', 'YYYY-MM-DD'), to_date ('2013-01-02', 'YYYY-MM-DD'), to_date ('2009-02-07', 'YYYY-MM-DD') );
INSERT INTO show ( nomeBanda, horaInicio, contrato, IMO, terminoPrevisto, dataCriacaoBanda, data, dataFesta )
	VALUES ( 'Srta. Ana Carolina Freitas', '16:29:28', 'Illum nulla magnam libero. Nisi cum neque quam odit quod', 673271, to_timestamp ('2013-01-24 14:20:13', 'YYYY-MM-DD HH24:MI:SS'), to_date ('2014-06-28', 'YYYY-MM-DD'), to_date ('2003-06-21', 'YYYY-MM-DD'), to_date ('2003-08-21', 'YYYY-MM-DD') );
INSERT INTO show ( nomeBanda, horaInicio, contrato, IMO, terminoPrevisto, dataCriacaoBanda, data, dataFesta )
	VALUES ( 'Sr. João Guilherme das Neves', '02:29:52', 'Nihil laborum aperiam explicabo praesentium necessitatibus.', 168360, to_timestamp ('2001-04-14 22:15:51', 'YYYY-MM-DD HH24:MI:SS'), to_date ('2005-09-07', 'YYYY-MM-DD'), to_date ('2016-10-23', 'YYYY-MM-DD'), to_date ('2016-03-09', 'YYYY-MM-DD') );
INSERT INTO show ( nomeBanda, horaInicio, contrato, IMO, terminoPrevisto, dataCriacaoBanda, data, dataFesta )
	VALUES ( 'Ana Lívia Caldeira', '16:49:45', 'Placeat voluptatem illum rerum. Accusamus debitis omnis la', 302037, to_timestamp ('2002-03-06 20:01:55', 'YYYY-MM-DD HH24:MI:SS'), to_date ('2012-05-11', 'YYYY-MM-DD'), to_date ('2009-05-14', 'YYYY-MM-DD'), to_date ('2008-03-11', 'YYYY-MM-DD') );
INSERT INTO show ( nomeBanda, horaInicio, contrato, IMO, terminoPrevisto, dataCriacaoBanda, data, dataFesta )
	VALUES ( 'Enzo Rocha', '05:00:25', 'Quae quidem accusantium autem doloribus provident. ', 208275, to_timestamp ('2010-03-10 12:53:07', 'YYYY-MM-DD HH24:MI:SS'), to_date ('2010-04-03', 'YYYY-MM-DD'), to_date ('2016-01-28', 'YYYY-MM-DD'), to_date ('2001-11-18', 'YYYY-MM-DD') );
INSERT INTO show ( nomeBanda, horaInicio, contrato, IMO, terminoPrevisto, dataCriacaoBanda, data, dataFesta )
	VALUES ( 'Sr. Augusto Novaes', '18:41:38', 'Delectus in architecto voluptas laborum consequuntur debiti', 631679, to_timestamp ('2003-08-14 20:36:47', 'YYYY-MM-DD HH24:MI:SS'), to_date ('2012-07-15', 'YYYY-MM-DD'), to_date ('2006-06-20', 'YYYY-MM-DD'), to_date ('2013-01-29', 'YYYY-MM-DD') );
INSERT INTO show ( nomeBanda, horaInicio, contrato, IMO, terminoPrevisto, dataCriacaoBanda, data, dataFesta )
	VALUES ( 'Sofia Almeida', '21:13:11', 'Incidunt cupiditate recusandae modi', 271640, to_timestamp ('2002-02-24 12:06:22', 'YYYY-MM-DD HH24:MI:SS'), to_date ('2008-04-08', 'YYYY-MM-DD'), to_date ('2008-05-14', 'YYYY-MM-DD'), to_date ('2007-05-29', 'YYYY-MM-DD') );
INSERT INTO show ( nomeBanda, horaInicio, contrato, IMO, terminoPrevisto, dataCriacaoBanda, data, dataFesta )
	VALUES ( 'Dr. Breno das Neves', '09:19:04', 'Perferendis commodi doloremque maxime corrupti. Volupt', 712686, to_timestamp ('2004-01-15 22:19:07', 'YYYY-MM-DD HH24:MI:SS'), to_date ('2018-06-28', 'YYYY-MM-DD'), to_date ('2004-11-20', 'YYYY-MM-DD'), to_date ('2000-06-06', 'YYYY-MM-DD') );
INSERT INTO show ( nomeBanda, horaInicio, contrato, IMO, terminoPrevisto, dataCriacaoBanda, data, dataFesta )
	VALUES ( 'Nicole Ferreira', '09:05:37', 'Nostrum architecto dolore. Quibusdam ut natus labor', 301764, to_timestamp ('2014-05-24 05:09:29', 'YYYY-MM-DD HH24:MI:SS'), to_date ('2003-11-15', 'YYYY-MM-DD'), to_date ('2012-04-03', 'YYYY-MM-DD'), to_date ('2007-02-03', 'YYYY-MM-DD') );
INSERT INTO show ( nomeBanda, horaInicio, contrato, IMO, terminoPrevisto, dataCriacaoBanda, data, dataFesta )
	VALUES ( 'Lucas da Luz', '03:51:58', 'Earum laborum mollitia quaerat fuga v', 452878, to_timestamp ('2009-04-30 18:06:22', 'YYYY-MM-DD HH24:MI:SS'), to_date ('2000-01-06', 'YYYY-MM-DD'), to_date ('2013-05-06', 'YYYY-MM-DD'), to_date ('2012-10-28', 'YYYY-MM-DD') );
INSERT INTO show ( nomeBanda, horaInicio, contrato, IMO, terminoPrevisto, dataCriacaoBanda, data, dataFesta )
	VALUES ( 'Sra. Lara Correia', '19:58:53', 'Rem dicta magnam aspernatur perspiciatis c', 615485, to_timestamp ('2018-10-21 16:31:26', 'YYYY-MM-DD HH24:MI:SS'), to_date ('2018-04-06', 'YYYY-MM-DD'), to_date ('2008-09-27', 'YYYY-MM-DD'), to_date ('2000-07-11', 'YYYY-MM-DD') );
INSERT INTO show ( nomeBanda, horaInicio, contrato, IMO, terminoPrevisto, dataCriacaoBanda, data, dataFesta )
	VALUES ( 'Ana Júlia Freitas', '06:55:35', 'Assumenda beatae vero quis at tempore dolorum. Sed temp', 302037, to_timestamp ('2000-03-26 13:54:25', 'YYYY-MM-DD HH24:MI:SS'), to_date ('2014-09-14', 'YYYY-MM-DD'), to_date ('2014-01-05', 'YYYY-MM-DD'), to_date ('2008-03-11', 'YYYY-MM-DD') );
INSERT INTO show ( nomeBanda, horaInicio, contrato, IMO, terminoPrevisto, dataCriacaoBanda, data, dataFesta )
	VALUES ( 'Alexia da Cunha', '12:47:12', 'Molestiae quis suscipit officia. Quaerat recusandae volupta', 712686, to_timestamp ('2002-08-22 19:03:49', 'YYYY-MM-DD HH24:MI:SS'), to_date ('2017-05-18', 'YYYY-MM-DD'), to_date ('2006-01-25', 'YYYY-MM-DD'), to_date ('2000-06-06', 'YYYY-MM-DD') );
INSERT INTO show ( nomeBanda, horaInicio, contrato, IMO, terminoPrevisto, dataCriacaoBanda, data, dataFesta )
	VALUES ( 'Maria Eduarda Azevedo', '03:25:48', 'Quam vitae in facilis provident voluptat', 317635, to_timestamp ('2001-07-10 10:54:46', 'YYYY-MM-DD HH24:MI:SS'), to_date ('2004-05-04', 'YYYY-MM-DD'), to_date ('2006-09-22', 'YYYY-MM-DD'), to_date ('2005-10-19', 'YYYY-MM-DD') );
INSERT INTO show ( nomeBanda, horaInicio, contrato, IMO, terminoPrevisto, dataCriacaoBanda, data, dataFesta )
	VALUES ( 'Sra. Beatriz Freitas', '18:31:32', 'Libero tempora praesentium labore. Molestiae hic a', 496379, to_timestamp ('2005-06-13 20:55:58', 'YYYY-MM-DD HH24:MI:SS'), to_date ('2009-09-14', 'YYYY-MM-DD'), to_date ('2007-06-15', 'YYYY-MM-DD'), to_date ('2005-06-10', 'YYYY-MM-DD') );
INSERT INTO show ( nomeBanda, horaInicio, contrato, IMO, terminoPrevisto, dataCriacaoBanda, data, dataFesta )
	VALUES ( 'Nicole Ferreira', '16:33:56', 'Minus sapiente libero corrupti. Lib', 247060, to_timestamp ('2004-01-10 07:26:00', 'YYYY-MM-DD HH24:MI:SS'), to_date ('2003-11-15', 'YYYY-MM-DD'), to_date ('2008-01-18', 'YYYY-MM-DD'), to_date ('2006-05-21', 'YYYY-MM-DD') );
INSERT INTO show ( nomeBanda, horaInicio, contrato, IMO, terminoPrevisto, dataCriacaoBanda, data, dataFesta )
	VALUES ( 'Melissa Moreira', '06:46:17', 'Eligendi perferendis architecto ill', 631679, to_timestamp ('2012-09-08 05:51:19', 'YYYY-MM-DD HH24:MI:SS'), to_date ('2014-05-07', 'YYYY-MM-DD'), to_date ('2002-08-21', 'YYYY-MM-DD'), to_date ('2013-01-29', 'YYYY-MM-DD') );
/* NULL INSERTION FOR ATTRIBUTE contrato AT TABLE show  */
 INSERT INTO show ( nomeBanda, horaInicio, contrato, IMO, terminoPrevisto, dataCriacaoBanda, data, dataFesta )
	VALUES ( 'Maysa Porto', '02:04:12', NULL, 839838, to_timestamp ('2004-07-15 03:34:50', 'YYYY-MM-DD HH24:MI:SS'), to_date ('2008-04-14', 'YYYY-MM-DD'), to_date ('2017-03-03', 'YYYY-MM-DD'), to_date ('2003-06-20', 'YYYY-MM-DD') );
/* NULL INSERTION FOR ATTRIBUTE terminoPrevisto AT TABLE show  */
 INSERT INTO show ( nomeBanda, horaInicio, contrato, IMO, terminoPrevisto, dataCriacaoBanda, data, dataFesta )
	VALUES ( 'Emilly Novaes', '09:41:58', 'Nisi laborum dolorem occaecati repellendus ', 255154, NULL, to_date ('2008-04-13', 'YYYY-MM-DD'), to_date ('2007-05-22', 'YYYY-MM-DD'), to_date ('2017-02-14', 'YYYY-MM-DD') );

/* TABLE showSonorizacao */
INSERT INTO showSonorizacao ( sonorizacaoId, showId )
	VALUES ( 16, 39 );
INSERT INTO showSonorizacao ( sonorizacaoId, showId )
	VALUES ( 12, 37 );
INSERT INTO showSonorizacao ( sonorizacaoId, showId )
	VALUES ( 32, 24 );
INSERT INTO showSonorizacao ( sonorizacaoId, showId )
	VALUES ( 31, 16 );
INSERT INTO showSonorizacao ( sonorizacaoId, showId )
	VALUES ( 25, 5 );
INSERT INTO showSonorizacao ( sonorizacaoId, showId )
	VALUES ( 9, 26 );
INSERT INTO showSonorizacao ( sonorizacaoId, showId )
	VALUES ( 5, 7 );
INSERT INTO showSonorizacao ( sonorizacaoId, showId )
	VALUES ( 26, 31 );
INSERT INTO showSonorizacao ( sonorizacaoId, showId )
	VALUES ( 3, 14 );
INSERT INTO showSonorizacao ( sonorizacaoId, showId )
	VALUES ( 18, 26 );
INSERT INTO showSonorizacao ( sonorizacaoId, showId )
	VALUES ( 20, 8 );
INSERT INTO showSonorizacao ( sonorizacaoId, showId )
	VALUES ( 13, 29 );
INSERT INTO showSonorizacao ( sonorizacaoId, showId )
	VALUES ( 36, 25 );
INSERT INTO showSonorizacao ( sonorizacaoId, showId )
	VALUES ( 7, 35 );
INSERT INTO showSonorizacao ( sonorizacaoId, showId )
	VALUES ( 8, 19 );
INSERT INTO showSonorizacao ( sonorizacaoId, showId )
	VALUES ( 17, 9 );
INSERT INTO showSonorizacao ( sonorizacaoId, showId )
	VALUES ( 27, 1 );
INSERT INTO showSonorizacao ( sonorizacaoId, showId )
	VALUES ( 39, 3 );
INSERT INTO showSonorizacao ( sonorizacaoId, showId )
	VALUES ( 3, 21 );
INSERT INTO showSonorizacao ( sonorizacaoId, showId )
	VALUES ( 8, 10 );
INSERT INTO showSonorizacao ( sonorizacaoId, showId )
	VALUES ( 23, 36 );
INSERT INTO showSonorizacao ( sonorizacaoId, showId )
	VALUES ( 17, 36 );
INSERT INTO showSonorizacao ( sonorizacaoId, showId )
	VALUES ( 31, 24 );
INSERT INTO showSonorizacao ( sonorizacaoId, showId )
	VALUES ( 7, 2 );
INSERT INTO showSonorizacao ( sonorizacaoId, showId )
	VALUES ( 10, 40 );
INSERT INTO showSonorizacao ( sonorizacaoId, showId )
	VALUES ( 5, 29 );
INSERT INTO showSonorizacao ( sonorizacaoId, showId )
	VALUES ( 26, 10 );
INSERT INTO showSonorizacao ( sonorizacaoId, showId )
	VALUES ( 36, 22 );
INSERT INTO showSonorizacao ( sonorizacaoId, showId )
	VALUES ( 22, 30 );
INSERT INTO showSonorizacao ( sonorizacaoId, showId )
	VALUES ( 6, 21 );
INSERT INTO showSonorizacao ( sonorizacaoId, showId )
	VALUES ( 12, 26 );
INSERT INTO showSonorizacao ( sonorizacaoId, showId )
	VALUES ( 30, 18 );
INSERT INTO showSonorizacao ( sonorizacaoId, showId )
	VALUES ( 26, 13 );
INSERT INTO showSonorizacao ( sonorizacaoId, showId )
	VALUES ( 21, 34 );
INSERT INTO showSonorizacao ( sonorizacaoId, showId )
	VALUES ( 40, 24 );
INSERT INTO showSonorizacao ( sonorizacaoId, showId )
	VALUES ( 24, 36 );
INSERT INTO showSonorizacao ( sonorizacaoId, showId )
	VALUES ( 22, 33 );
INSERT INTO showSonorizacao ( sonorizacaoId, showId )
	VALUES ( 21, 2 );
INSERT INTO showSonorizacao ( sonorizacaoId, showId )
	VALUES ( 34, 2 );
INSERT INTO showSonorizacao ( sonorizacaoId, showId )
	VALUES ( 1, 12 );

/* TABLE album */
INSERT INTO album ( IMOFesta, dataFesta )
	VALUES ( 339519, to_date ('2009-08-29', 'YYYY-MM-DD') );
INSERT INTO album ( IMOFesta, dataFesta )
	VALUES ( 255154, to_date ('2017-02-14', 'YYYY-MM-DD') );
INSERT INTO album ( IMOFesta, dataFesta )
	VALUES ( 747267, to_date ('2008-10-21', 'YYYY-MM-DD') );
INSERT INTO album ( IMOFesta, dataFesta )
	VALUES ( 158652, to_date ('2003-07-21', 'YYYY-MM-DD') );
INSERT INTO album ( IMOFesta, dataFesta )
	VALUES ( 601888, to_date ('2011-03-11', 'YYYY-MM-DD') );
INSERT INTO album ( IMOFesta, dataFesta )
	VALUES ( 496379, to_date ('2005-06-10', 'YYYY-MM-DD') );
INSERT INTO album ( IMOFesta, dataFesta )
	VALUES ( 602404, to_date ('2002-04-26', 'YYYY-MM-DD') );
INSERT INTO album ( IMOFesta, dataFesta )
	VALUES ( 208275, to_date ('2001-11-18', 'YYYY-MM-DD') );
INSERT INTO album ( IMOFesta, dataFesta )
	VALUES ( 363361, to_date ('2012-04-14', 'YYYY-MM-DD') );
INSERT INTO album ( IMOFesta, dataFesta )
	VALUES ( 239455, to_date ('2006-10-03', 'YYYY-MM-DD') );
INSERT INTO album ( IMOFesta, dataFesta )
	VALUES ( 642178, to_date ('2013-08-15', 'YYYY-MM-DD') );
INSERT INTO album ( IMOFesta, dataFesta )
	VALUES ( 301764, to_date ('2007-02-03', 'YYYY-MM-DD') );
INSERT INTO album ( IMOFesta, dataFesta )
	VALUES ( 247060, to_date ('2006-05-21', 'YYYY-MM-DD') );
INSERT INTO album ( IMOFesta, dataFesta )
	VALUES ( 590968, to_date ('2000-11-01', 'YYYY-MM-DD') );
INSERT INTO album ( IMOFesta, dataFesta )
	VALUES ( 168360, to_date ('2016-03-09', 'YYYY-MM-DD') );
INSERT INTO album ( IMOFesta, dataFesta )
	VALUES ( 830280, to_date ('2001-11-03', 'YYYY-MM-DD') );
INSERT INTO album ( IMOFesta, dataFesta )
	VALUES ( 247694, to_date ('2009-02-07', 'YYYY-MM-DD') );
INSERT INTO album ( IMOFesta, dataFesta )
	VALUES ( 271640, to_date ('2007-05-29', 'YYYY-MM-DD') );
INSERT INTO album ( IMOFesta, dataFesta )
	VALUES ( 708503, to_date ('2018-07-20', 'YYYY-MM-DD') );
INSERT INTO album ( IMOFesta, dataFesta )
	VALUES ( 724713, to_date ('2001-11-01', 'YYYY-MM-DD') );
INSERT INTO album ( IMOFesta, dataFesta )
	VALUES ( 317635, to_date ('2005-10-19', 'YYYY-MM-DD') );
INSERT INTO album ( IMOFesta, dataFesta )
	VALUES ( 455294, to_date ('2013-07-01', 'YYYY-MM-DD') );
INSERT INTO album ( IMOFesta, dataFesta )
	VALUES ( 415006, to_date ('2001-09-23', 'YYYY-MM-DD') );
INSERT INTO album ( IMOFesta, dataFesta )
	VALUES ( 665078, to_date ('2005-04-14', 'YYYY-MM-DD') );
INSERT INTO album ( IMOFesta, dataFesta )
	VALUES ( 240182, to_date ('2015-10-10', 'YYYY-MM-DD') );
INSERT INTO album ( IMOFesta, dataFesta )
	VALUES ( 706396, to_date ('2018-07-28', 'YYYY-MM-DD') );
INSERT INTO album ( IMOFesta, dataFesta )
	VALUES ( 689693, to_date ('2012-07-02', 'YYYY-MM-DD') );
INSERT INTO album ( IMOFesta, dataFesta )
	VALUES ( 615485, to_date ('2000-07-11', 'YYYY-MM-DD') );
INSERT INTO album ( IMOFesta, dataFesta )
	VALUES ( 452878, to_date ('2012-10-28', 'YYYY-MM-DD') );
INSERT INTO album ( IMOFesta, dataFesta )
	VALUES ( 857133, to_date ('2014-03-17', 'YYYY-MM-DD') );
INSERT INTO album ( IMOFesta, dataFesta )
	VALUES ( 712686, to_date ('2000-06-06', 'YYYY-MM-DD') );
INSERT INTO album ( IMOFesta, dataFesta )
	VALUES ( 544227, to_date ('2014-05-03', 'YYYY-MM-DD') );
INSERT INTO album ( IMOFesta, dataFesta )
	VALUES ( 754164, to_date ('2006-01-11', 'YYYY-MM-DD') );
INSERT INTO album ( IMOFesta, dataFesta )
	VALUES ( 302037, to_date ('2008-03-11', 'YYYY-MM-DD') );
INSERT INTO album ( IMOFesta, dataFesta )
	VALUES ( 631679, to_date ('2013-01-29', 'YYYY-MM-DD') );
INSERT INTO album ( IMOFesta, dataFesta )
	VALUES ( 839838, to_date ('2003-06-20', 'YYYY-MM-DD') );
INSERT INTO album ( IMOFesta, dataFesta )
	VALUES ( 297097, to_date ('2008-11-05', 'YYYY-MM-DD') );
INSERT INTO album ( IMOFesta, dataFesta )
	VALUES ( 895747, to_date ('2004-10-10', 'YYYY-MM-DD') );
INSERT INTO album ( IMOFesta, dataFesta )
	VALUES ( 476051, to_date ('2009-10-28', 'YYYY-MM-DD') );
INSERT INTO album ( IMOFesta, dataFesta )
	VALUES ( 673271, to_date ('2003-08-21', 'YYYY-MM-DD') );

/* TABLE makingof */
INSERT INTO makingof ( IMOFesta, dataFesta )
	VALUES ( 317635, to_date ('2005-10-19', 'YYYY-MM-DD') );
INSERT INTO makingof ( IMOFesta, dataFesta )
	VALUES ( 271640, to_date ('2007-05-29', 'YYYY-MM-DD') );
INSERT INTO makingof ( IMOFesta, dataFesta )
	VALUES ( 297097, to_date ('2008-11-05', 'YYYY-MM-DD') );
INSERT INTO makingof ( IMOFesta, dataFesta )
	VALUES ( 895747, to_date ('2004-10-10', 'YYYY-MM-DD') );
INSERT INTO makingof ( IMOFesta, dataFesta )
	VALUES ( 168360, to_date ('2016-03-09', 'YYYY-MM-DD') );
INSERT INTO makingof ( IMOFesta, dataFesta )
	VALUES ( 857133, to_date ('2014-03-17', 'YYYY-MM-DD') );
INSERT INTO makingof ( IMOFesta, dataFesta )
	VALUES ( 208275, to_date ('2001-11-18', 'YYYY-MM-DD') );
INSERT INTO makingof ( IMOFesta, dataFesta )
	VALUES ( 754164, to_date ('2006-01-11', 'YYYY-MM-DD') );
INSERT INTO makingof ( IMOFesta, dataFesta )
	VALUES ( 255154, to_date ('2017-02-14', 'YYYY-MM-DD') );
INSERT INTO makingof ( IMOFesta, dataFesta )
	VALUES ( 689693, to_date ('2012-07-02', 'YYYY-MM-DD') );
INSERT INTO makingof ( IMOFesta, dataFesta )
	VALUES ( 708503, to_date ('2018-07-20', 'YYYY-MM-DD') );
INSERT INTO makingof ( IMOFesta, dataFesta )
	VALUES ( 601888, to_date ('2011-03-11', 'YYYY-MM-DD') );
INSERT INTO makingof ( IMOFesta, dataFesta )
	VALUES ( 247694, to_date ('2009-02-07', 'YYYY-MM-DD') );
INSERT INTO makingof ( IMOFesta, dataFesta )
	VALUES ( 747267, to_date ('2008-10-21', 'YYYY-MM-DD') );
INSERT INTO makingof ( IMOFesta, dataFesta )
	VALUES ( 339519, to_date ('2009-08-29', 'YYYY-MM-DD') );
INSERT INTO makingof ( IMOFesta, dataFesta )
	VALUES ( 544227, to_date ('2014-05-03', 'YYYY-MM-DD') );
INSERT INTO makingof ( IMOFesta, dataFesta )
	VALUES ( 363361, to_date ('2012-04-14', 'YYYY-MM-DD') );
INSERT INTO makingof ( IMOFesta, dataFesta )
	VALUES ( 712686, to_date ('2000-06-06', 'YYYY-MM-DD') );
INSERT INTO makingof ( IMOFesta, dataFesta )
	VALUES ( 665078, to_date ('2005-04-14', 'YYYY-MM-DD') );
INSERT INTO makingof ( IMOFesta, dataFesta )
	VALUES ( 642178, to_date ('2013-08-15', 'YYYY-MM-DD') );
INSERT INTO makingof ( IMOFesta, dataFesta )
	VALUES ( 301764, to_date ('2007-02-03', 'YYYY-MM-DD') );
INSERT INTO makingof ( IMOFesta, dataFesta )
	VALUES ( 830280, to_date ('2001-11-03', 'YYYY-MM-DD') );
INSERT INTO makingof ( IMOFesta, dataFesta )
	VALUES ( 158652, to_date ('2003-07-21', 'YYYY-MM-DD') );
INSERT INTO makingof ( IMOFesta, dataFesta )
	VALUES ( 724713, to_date ('2001-11-01', 'YYYY-MM-DD') );
INSERT INTO makingof ( IMOFesta, dataFesta )
	VALUES ( 615485, to_date ('2000-07-11', 'YYYY-MM-DD') );
INSERT INTO makingof ( IMOFesta, dataFesta )
	VALUES ( 706396, to_date ('2018-07-28', 'YYYY-MM-DD') );
INSERT INTO makingof ( IMOFesta, dataFesta )
	VALUES ( 476051, to_date ('2009-10-28', 'YYYY-MM-DD') );
INSERT INTO makingof ( IMOFesta, dataFesta )
	VALUES ( 602404, to_date ('2002-04-26', 'YYYY-MM-DD') );
INSERT INTO makingof ( IMOFesta, dataFesta )
	VALUES ( 631679, to_date ('2013-01-29', 'YYYY-MM-DD') );
INSERT INTO makingof ( IMOFesta, dataFesta )
	VALUES ( 240182, to_date ('2015-10-10', 'YYYY-MM-DD') );
INSERT INTO makingof ( IMOFesta, dataFesta )
	VALUES ( 452878, to_date ('2012-10-28', 'YYYY-MM-DD') );
INSERT INTO makingof ( IMOFesta, dataFesta )
	VALUES ( 247060, to_date ('2006-05-21', 'YYYY-MM-DD') );
INSERT INTO makingof ( IMOFesta, dataFesta )
	VALUES ( 673271, to_date ('2003-08-21', 'YYYY-MM-DD') );
INSERT INTO makingof ( IMOFesta, dataFesta )
	VALUES ( 455294, to_date ('2013-07-01', 'YYYY-MM-DD') );
INSERT INTO makingof ( IMOFesta, dataFesta )
	VALUES ( 415006, to_date ('2001-09-23', 'YYYY-MM-DD') );
INSERT INTO makingof ( IMOFesta, dataFesta )
	VALUES ( 839838, to_date ('2003-06-20', 'YYYY-MM-DD') );
INSERT INTO makingof ( IMOFesta, dataFesta )
	VALUES ( 590968, to_date ('2000-11-01', 'YYYY-MM-DD') );
INSERT INTO makingof ( IMOFesta, dataFesta )
	VALUES ( 239455, to_date ('2006-10-03', 'YYYY-MM-DD') );
INSERT INTO makingof ( IMOFesta, dataFesta )
	VALUES ( 302037, to_date ('2008-03-11', 'YYYY-MM-DD') );
INSERT INTO makingof ( IMOFesta, dataFesta )
	VALUES ( 496379, to_date ('2005-06-10', 'YYYY-MM-DD') );

/* TABLE opComCamera */
INSERT INTO opComCamera ( data, camera, tipo, cpfOpCamera )
	VALUES ( to_date ('2018-04-10', 'YYYY-MM-DD'), 19937314, 'CINEGRAFISTA', '789.045.119-08' );
INSERT INTO opComCamera ( data, camera, tipo, cpfOpCamera )
	VALUES ( to_date ('2011-06-16', 'YYYY-MM-DD'), 88916680, 'CINEGRAFISTA', '614.850.626-02' );
INSERT INTO opComCamera ( data, camera, tipo, cpfOpCamera )
	VALUES ( to_date ('2018-06-30', 'YYYY-MM-DD'), 45652704, 'PARQUE', '003.273.572-61' );
INSERT INTO opComCamera ( data, camera, tipo, cpfOpCamera )
	VALUES ( to_date ('2006-10-26', 'YYYY-MM-DD'), 81006405, 'FOTOGRAFO', '987.407.016-29' );
INSERT INTO opComCamera ( data, camera, tipo, cpfOpCamera )
	VALUES ( to_date ('2010-09-24', 'YYYY-MM-DD'), 16482094, 'CINEGRAFISTA', '343.535.420-47' );
INSERT INTO opComCamera ( data, camera, tipo, cpfOpCamera )
	VALUES ( to_date ('2013-09-12', 'YYYY-MM-DD'), 54960667, 'PARQUE', '987.407.016-29' );
INSERT INTO opComCamera ( data, camera, tipo, cpfOpCamera )
	VALUES ( to_date ('2005-03-05', 'YYYY-MM-DD'), 56642307, 'PARQUE', '866.030.365-26' );
INSERT INTO opComCamera ( data, camera, tipo, cpfOpCamera )
	VALUES ( to_date ('2004-03-04', 'YYYY-MM-DD'), 70676998, 'FOTOGRAFO', '367.062.323-68' );
INSERT INTO opComCamera ( data, camera, tipo, cpfOpCamera )
	VALUES ( to_date ('2003-07-04', 'YYYY-MM-DD'), 81583952, 'FOTOGRAFO', '230.908.062-22' );
INSERT INTO opComCamera ( data, camera, tipo, cpfOpCamera )
	VALUES ( to_date ('2018-03-28', 'YYYY-MM-DD'), 45575677, 'FOTOGRAFO', '299.163.395-64' );
INSERT INTO opComCamera ( data, camera, tipo, cpfOpCamera )
	VALUES ( to_date ('2016-09-21', 'YYYY-MM-DD'), 20713580, 'CINEGRAFISTA', '238.683.572-15' );
INSERT INTO opComCamera ( data, camera, tipo, cpfOpCamera )
	VALUES ( to_date ('2008-01-06', 'YYYY-MM-DD'), 60781231, 'FOTOGRAFO', '035.906.129-91' );
INSERT INTO opComCamera ( data, camera, tipo, cpfOpCamera )
	VALUES ( to_date ('2005-07-03', 'YYYY-MM-DD'), 72556672, 'PARQUE', '112.701.852-51' );
INSERT INTO opComCamera ( data, camera, tipo, cpfOpCamera )
	VALUES ( to_date ('2015-02-10', 'YYYY-MM-DD'), 21962972, 'CINEGRAFISTA', '866.030.365-26' );
INSERT INTO opComCamera ( data, camera, tipo, cpfOpCamera )
	VALUES ( to_date ('2004-04-02', 'YYYY-MM-DD'), 73267378, 'FOTOGRAFO', '895.342.722-81' );
INSERT INTO opComCamera ( data, camera, tipo, cpfOpCamera )
	VALUES ( to_date ('2012-03-28', 'YYYY-MM-DD'), 66280244, 'PARQUE', '941.284.044-81' );
INSERT INTO opComCamera ( data, camera, tipo, cpfOpCamera )
	VALUES ( to_date ('2001-10-04', 'YYYY-MM-DD'), 50896162, 'FOTOGRAFO', '930.959.989-35' );
INSERT INTO opComCamera ( data, camera, tipo, cpfOpCamera )
	VALUES ( to_date ('2003-07-10', 'YYYY-MM-DD'), 57475540, 'PARQUE', '693.707.504-19' );
INSERT INTO opComCamera ( data, camera, tipo, cpfOpCamera )
	VALUES ( to_date ('2001-06-06', 'YYYY-MM-DD'), 62364731, 'FOTOGRAFO', '849.052.639-96' );
INSERT INTO opComCamera ( data, camera, tipo, cpfOpCamera )
	VALUES ( to_date ('2015-07-01', 'YYYY-MM-DD'), 38733512, 'FOTOGRAFO', '987.407.016-29' );
INSERT INTO opComCamera ( data, camera, tipo, cpfOpCamera )
	VALUES ( to_date ('2009-05-27', 'YYYY-MM-DD'), 26869907, 'PARQUE', '323.375.139-50' );
INSERT INTO opComCamera ( data, camera, tipo, cpfOpCamera )
	VALUES ( to_date ('2012-11-25', 'YYYY-MM-DD'), 56026922, 'FOTOGRAFO', '988.402.696-60' );
INSERT INTO opComCamera ( data, camera, tipo, cpfOpCamera )
	VALUES ( to_date ('2014-05-23', 'YYYY-MM-DD'), 82803672, 'FOTOGRAFO', '693.707.504-19' );
INSERT INTO opComCamera ( data, camera, tipo, cpfOpCamera )
	VALUES ( to_date ('2018-05-01', 'YYYY-MM-DD'), 66487199, 'FOTOGRAFO', '809.862.903-39' );
INSERT INTO opComCamera ( data, camera, tipo, cpfOpCamera )
	VALUES ( to_date ('2000-01-11', 'YYYY-MM-DD'), 80026712, 'FOTOGRAFO', '513.693.425-00' );
INSERT INTO opComCamera ( data, camera, tipo, cpfOpCamera )
	VALUES ( to_date ('2009-10-03', 'YYYY-MM-DD'), 70940637, 'FOTOGRAFO', '930.959.989-35' );
INSERT INTO opComCamera ( data, camera, tipo, cpfOpCamera )
	VALUES ( to_date ('2015-01-02', 'YYYY-MM-DD'), 31402280, 'PARQUE', '598.219.001-03' );
INSERT INTO opComCamera ( data, camera, tipo, cpfOpCamera )
	VALUES ( to_date ('2018-07-14', 'YYYY-MM-DD'), 31961354, 'FOTOGRAFO', '941.284.044-81' );
INSERT INTO opComCamera ( data, camera, tipo, cpfOpCamera )
	VALUES ( to_date ('2000-09-11', 'YYYY-MM-DD'), 83640550, 'FOTOGRAFO', '003.330.017-59' );
INSERT INTO opComCamera ( data, camera, tipo, cpfOpCamera )
	VALUES ( to_date ('2018-05-11', 'YYYY-MM-DD'), 84302954, 'FOTOGRAFO', '904.573.852-23' );
INSERT INTO opComCamera ( data, camera, tipo, cpfOpCamera )
	VALUES ( to_date ('2002-09-02', 'YYYY-MM-DD'), 22967786, 'PARQUE', '866.030.365-26' );
INSERT INTO opComCamera ( data, camera, tipo, cpfOpCamera )
	VALUES ( to_date ('2001-01-10', 'YYYY-MM-DD'), 89541604, 'FOTOGRAFO', '904.573.852-23' );
INSERT INTO opComCamera ( data, camera, tipo, cpfOpCamera )
	VALUES ( to_date ('2016-10-18', 'YYYY-MM-DD'), 88748100, 'FOTOGRAFO', '693.707.504-19' );
INSERT INTO opComCamera ( data, camera, tipo, cpfOpCamera )
	VALUES ( to_date ('2016-09-22', 'YYYY-MM-DD'), 26591427, 'FOTOGRAFO', '809.862.903-39' );
INSERT INTO opComCamera ( data, camera, tipo, cpfOpCamera )
	VALUES ( to_date ('2010-07-19', 'YYYY-MM-DD'), 29104473, 'PARQUE', '513.693.425-00' );
INSERT INTO opComCamera ( data, camera, tipo, cpfOpCamera )
	VALUES ( to_date ('2007-01-27', 'YYYY-MM-DD'), 11268990, 'CINEGRAFISTA', '941.284.044-81' );
INSERT INTO opComCamera ( data, camera, tipo, cpfOpCamera )
	VALUES ( to_date ('2010-04-22', 'YYYY-MM-DD'), 30741576, 'PARQUE', '496.918.280-41' );
INSERT INTO opComCamera ( data, camera, tipo, cpfOpCamera )
	VALUES ( to_date ('2018-08-19', 'YYYY-MM-DD'), 11658200, 'CINEGRAFISTA', '112.701.852-51' );
INSERT INTO opComCamera ( data, camera, tipo, cpfOpCamera )
	VALUES ( to_date ('2006-05-14', 'YYYY-MM-DD'), 69978854, 'CINEGRAFISTA', '724.417.415-89' );
INSERT INTO opComCamera ( data, camera, tipo, cpfOpCamera )
	VALUES ( to_date ('2017-03-17', 'YYYY-MM-DD'), 49450162, 'CINEGRAFISTA', '895.342.722-81' );

/* TABLE fotografoCruzeiro */
INSERT INTO fotografoCruzeiro ( categoria, data, idAlbum, cpfOpCamera )
	VALUES ( 'JUNIOR', to_date ('2003-07-04', 'YYYY-MM-DD'), 9, '230.908.062-22' );
INSERT INTO fotografoCruzeiro ( categoria, data, idAlbum, cpfOpCamera )
	VALUES ( 'ESPECIALISTA', to_date ('2016-09-22', 'YYYY-MM-DD'), 30, '809.862.903-39' );
INSERT INTO fotografoCruzeiro ( categoria, data, idAlbum, cpfOpCamera )
	VALUES ( 'JUNIOR', to_date ('2017-03-17', 'YYYY-MM-DD'), 33, '895.342.722-81' );
INSERT INTO fotografoCruzeiro ( categoria, data, idAlbum, cpfOpCamera )
	VALUES ( 'JUNIOR', to_date ('2009-10-03', 'YYYY-MM-DD'), 9, '930.959.989-35' );
INSERT INTO fotografoCruzeiro ( categoria, data, idAlbum, cpfOpCamera )
	VALUES ( 'ESPECIALISTA', to_date ('2018-05-01', 'YYYY-MM-DD'), 17, '809.862.903-39' );
INSERT INTO fotografoCruzeiro ( categoria, data, idAlbum, cpfOpCamera )
	VALUES ( 'ESPECIALISTA', to_date ('2010-09-24', 'YYYY-MM-DD'), 26, '343.535.420-47' );
INSERT INTO fotografoCruzeiro ( categoria, data, idAlbum, cpfOpCamera )
	VALUES ( 'JUNIOR', to_date ('2001-06-06', 'YYYY-MM-DD'), 10, '849.052.639-96' );
INSERT INTO fotografoCruzeiro ( categoria, data, idAlbum, cpfOpCamera )
	VALUES ( 'ESPECIALISTA', to_date ('2018-06-30', 'YYYY-MM-DD'), 33, '003.273.572-61' );
INSERT INTO fotografoCruzeiro ( categoria, data, idAlbum, cpfOpCamera )
	VALUES ( 'TECNICO', to_date ('2008-01-06', 'YYYY-MM-DD'), 1, '035.906.129-91' );
INSERT INTO fotografoCruzeiro ( categoria, data, idAlbum, cpfOpCamera )
	VALUES ( 'JUNIOR', to_date ('2003-07-10', 'YYYY-MM-DD'), 12, '693.707.504-19' );
INSERT INTO fotografoCruzeiro ( categoria, data, idAlbum, cpfOpCamera )
	VALUES ( 'JUNIOR', to_date ('2002-09-02', 'YYYY-MM-DD'), 15, '866.030.365-26' );
INSERT INTO fotografoCruzeiro ( categoria, data, idAlbum, cpfOpCamera )
	VALUES ( 'ESPECIALISTA', to_date ('2015-07-01', 'YYYY-MM-DD'), 8, '987.407.016-29' );
INSERT INTO fotografoCruzeiro ( categoria, data, idAlbum, cpfOpCamera )
	VALUES ( 'TECNICO', to_date ('2018-07-14', 'YYYY-MM-DD'), 2, '941.284.044-81' );
INSERT INTO fotografoCruzeiro ( categoria, data, idAlbum, cpfOpCamera )
	VALUES ( 'JUNIOR', to_date ('2004-03-04', 'YYYY-MM-DD'), 21, '367.062.323-68' );
INSERT INTO fotografoCruzeiro ( categoria, data, idAlbum, cpfOpCamera )
	VALUES ( 'TECNICO', to_date ('2000-09-11', 'YYYY-MM-DD'), 21, '003.330.017-59' );
INSERT INTO fotografoCruzeiro ( categoria, data, idAlbum, cpfOpCamera )
	VALUES ( 'TECNICO', to_date ('2018-08-19', 'YYYY-MM-DD'), 17, '112.701.852-51' );
INSERT INTO fotografoCruzeiro ( categoria, data, idAlbum, cpfOpCamera )
	VALUES ( 'ESPECIALISTA', to_date ('2013-09-12', 'YYYY-MM-DD'), 28, '987.407.016-29' );
INSERT INTO fotografoCruzeiro ( categoria, data, idAlbum, cpfOpCamera )
	VALUES ( 'ESPECIALISTA', to_date ('2006-05-14', 'YYYY-MM-DD'), 24, '724.417.415-89' );
INSERT INTO fotografoCruzeiro ( categoria, data, idAlbum, cpfOpCamera )
	VALUES ( 'JUNIOR', to_date ('2018-03-28', 'YYYY-MM-DD'), 15, '299.163.395-64' );
INSERT INTO fotografoCruzeiro ( categoria, data, idAlbum, cpfOpCamera )
	VALUES ( 'ESPECIALISTA', to_date ('2015-01-02', 'YYYY-MM-DD'), 14, '598.219.001-03' );
INSERT INTO fotografoCruzeiro ( categoria, data, idAlbum, cpfOpCamera )
	VALUES ( 'TECNICO', to_date ('2000-01-11', 'YYYY-MM-DD'), 15, '513.693.425-00' );
INSERT INTO fotografoCruzeiro ( categoria, data, idAlbum, cpfOpCamera )
	VALUES ( 'JUNIOR', to_date ('2018-05-11', 'YYYY-MM-DD'), 33, '904.573.852-23' );
INSERT INTO fotografoCruzeiro ( categoria, data, idAlbum, cpfOpCamera )
	VALUES ( 'JUNIOR', to_date ('2014-05-23', 'YYYY-MM-DD'), 9, '693.707.504-19' );
INSERT INTO fotografoCruzeiro ( categoria, data, idAlbum, cpfOpCamera )
	VALUES ( 'TECNICO', to_date ('2007-01-27', 'YYYY-MM-DD'), 16, '941.284.044-81' );
INSERT INTO fotografoCruzeiro ( categoria, data, idAlbum, cpfOpCamera )
	VALUES ( 'JUNIOR', to_date ('2001-10-04', 'YYYY-MM-DD'), 2, '930.959.989-35' );
INSERT INTO fotografoCruzeiro ( categoria, data, idAlbum, cpfOpCamera )
	VALUES ( 'ESPECIALISTA', to_date ('2006-10-26', 'YYYY-MM-DD'), 38, '987.407.016-29' );
INSERT INTO fotografoCruzeiro ( categoria, data, idAlbum, cpfOpCamera )
	VALUES ( 'ESPECIALISTA', to_date ('2009-05-27', 'YYYY-MM-DD'), 27, '323.375.139-50' );
INSERT INTO fotografoCruzeiro ( categoria, data, idAlbum, cpfOpCamera )
	VALUES ( 'JUNIOR', to_date ('2012-11-25', 'YYYY-MM-DD'), 7, '988.402.696-60' );
INSERT INTO fotografoCruzeiro ( categoria, data, idAlbum, cpfOpCamera )
	VALUES ( 'ESPECIALISTA', to_date ('2004-04-02', 'YYYY-MM-DD'), 10, '895.342.722-81' );
INSERT INTO fotografoCruzeiro ( categoria, data, idAlbum, cpfOpCamera )
	VALUES ( 'JUNIOR', to_date ('2005-07-03', 'YYYY-MM-DD'), 32, '112.701.852-51' );
INSERT INTO fotografoCruzeiro ( categoria, data, idAlbum, cpfOpCamera )
	VALUES ( 'TECNICO', to_date ('2016-10-18', 'YYYY-MM-DD'), 9, '693.707.504-19' );
INSERT INTO fotografoCruzeiro ( categoria, data, idAlbum, cpfOpCamera )
	VALUES ( 'TECNICO', to_date ('2010-04-22', 'YYYY-MM-DD'), 6, '496.918.280-41' );
INSERT INTO fotografoCruzeiro ( categoria, data, idAlbum, cpfOpCamera )
	VALUES ( 'TECNICO', to_date ('2005-03-05', 'YYYY-MM-DD'), 16, '866.030.365-26' );
INSERT INTO fotografoCruzeiro ( categoria, data, idAlbum, cpfOpCamera )
	VALUES ( 'TECNICO', to_date ('2018-04-10', 'YYYY-MM-DD'), 11, '789.045.119-08' );
INSERT INTO fotografoCruzeiro ( categoria, data, idAlbum, cpfOpCamera )
	VALUES ( 'TECNICO', to_date ('2012-03-28', 'YYYY-MM-DD'), 26, '941.284.044-81' );
INSERT INTO fotografoCruzeiro ( categoria, data, idAlbum, cpfOpCamera )
	VALUES ( 'TECNICO', to_date ('2010-07-19', 'YYYY-MM-DD'), 4, '513.693.425-00' );
INSERT INTO fotografoCruzeiro ( categoria, data, idAlbum, cpfOpCamera )
	VALUES ( 'TECNICO', to_date ('2015-02-10', 'YYYY-MM-DD'), 19, '866.030.365-26' );
INSERT INTO fotografoCruzeiro ( categoria, data, idAlbum, cpfOpCamera )
	VALUES ( 'TECNICO', to_date ('2011-06-16', 'YYYY-MM-DD'), 37, '614.850.626-02' );
INSERT INTO fotografoCruzeiro ( categoria, data, idAlbum, cpfOpCamera )
	VALUES ( 'JUNIOR', to_date ('2016-09-21', 'YYYY-MM-DD'), 19, '238.683.572-15' );
INSERT INTO fotografoCruzeiro ( categoria, data, idAlbum, cpfOpCamera )
	VALUES ( 'ESPECIALISTA', to_date ('2001-01-10', 'YYYY-MM-DD'), 29, '904.573.852-23' );

/* TABLE cinegrafistaCruzeiro */
INSERT INTO cinegrafistaCruzeiro ( data, idMakingof, cpfOpCamera )
	VALUES ( to_date ('2018-03-28', 'YYYY-MM-DD'), 35, '299.163.395-64' );
INSERT INTO cinegrafistaCruzeiro ( data, idMakingof, cpfOpCamera )
	VALUES ( to_date ('2018-07-14', 'YYYY-MM-DD'), 40, '941.284.044-81' );
INSERT INTO cinegrafistaCruzeiro ( data, idMakingof, cpfOpCamera )
	VALUES ( to_date ('2006-05-14', 'YYYY-MM-DD'), 8, '724.417.415-89' );
INSERT INTO cinegrafistaCruzeiro ( data, idMakingof, cpfOpCamera )
	VALUES ( to_date ('2011-06-16', 'YYYY-MM-DD'), 34, '614.850.626-02' );
INSERT INTO cinegrafistaCruzeiro ( data, idMakingof, cpfOpCamera )
	VALUES ( to_date ('2015-01-02', 'YYYY-MM-DD'), 36, '598.219.001-03' );
INSERT INTO cinegrafistaCruzeiro ( data, idMakingof, cpfOpCamera )
	VALUES ( to_date ('2007-01-27', 'YYYY-MM-DD'), 32, '941.284.044-81' );
INSERT INTO cinegrafistaCruzeiro ( data, idMakingof, cpfOpCamera )
	VALUES ( to_date ('2018-05-01', 'YYYY-MM-DD'), 34, '809.862.903-39' );
INSERT INTO cinegrafistaCruzeiro ( data, idMakingof, cpfOpCamera )
	VALUES ( to_date ('2001-10-04', 'YYYY-MM-DD'), 2, '930.959.989-35' );
INSERT INTO cinegrafistaCruzeiro ( data, idMakingof, cpfOpCamera )
	VALUES ( to_date ('2004-04-02', 'YYYY-MM-DD'), 34, '895.342.722-81' );
INSERT INTO cinegrafistaCruzeiro ( data, idMakingof, cpfOpCamera )
	VALUES ( to_date ('2018-04-10', 'YYYY-MM-DD'), 5, '789.045.119-08' );
INSERT INTO cinegrafistaCruzeiro ( data, idMakingof, cpfOpCamera )
	VALUES ( to_date ('2000-09-11', 'YYYY-MM-DD'), 32, '003.330.017-59' );
INSERT INTO cinegrafistaCruzeiro ( data, idMakingof, cpfOpCamera )
	VALUES ( to_date ('2018-05-11', 'YYYY-MM-DD'), 14, '904.573.852-23' );
INSERT INTO cinegrafistaCruzeiro ( data, idMakingof, cpfOpCamera )
	VALUES ( to_date ('2006-10-26', 'YYYY-MM-DD'), 25, '987.407.016-29' );
INSERT INTO cinegrafistaCruzeiro ( data, idMakingof, cpfOpCamera )
	VALUES ( to_date ('2000-01-11', 'YYYY-MM-DD'), 34, '513.693.425-00' );
INSERT INTO cinegrafistaCruzeiro ( data, idMakingof, cpfOpCamera )
	VALUES ( to_date ('2002-09-02', 'YYYY-MM-DD'), 4, '866.030.365-26' );
INSERT INTO cinegrafistaCruzeiro ( data, idMakingof, cpfOpCamera )
	VALUES ( to_date ('2009-10-03', 'YYYY-MM-DD'), 17, '930.959.989-35' );
INSERT INTO cinegrafistaCruzeiro ( data, idMakingof, cpfOpCamera )
	VALUES ( to_date ('2004-03-04', 'YYYY-MM-DD'), 30, '367.062.323-68' );
INSERT INTO cinegrafistaCruzeiro ( data, idMakingof, cpfOpCamera )
	VALUES ( to_date ('2014-05-23', 'YYYY-MM-DD'), 35, '693.707.504-19' );
INSERT INTO cinegrafistaCruzeiro ( data, idMakingof, cpfOpCamera )
	VALUES ( to_date ('2016-10-18', 'YYYY-MM-DD'), 39, '693.707.504-19' );
INSERT INTO cinegrafistaCruzeiro ( data, idMakingof, cpfOpCamera )
	VALUES ( to_date ('2018-08-19', 'YYYY-MM-DD'), 13, '112.701.852-51' );
INSERT INTO cinegrafistaCruzeiro ( data, idMakingof, cpfOpCamera )
	VALUES ( to_date ('2013-09-12', 'YYYY-MM-DD'), 26, '987.407.016-29' );
INSERT INTO cinegrafistaCruzeiro ( data, idMakingof, cpfOpCamera )
	VALUES ( to_date ('2016-09-22', 'YYYY-MM-DD'), 39, '809.862.903-39' );
INSERT INTO cinegrafistaCruzeiro ( data, idMakingof, cpfOpCamera )
	VALUES ( to_date ('2005-07-03', 'YYYY-MM-DD'), 20, '112.701.852-51' );
INSERT INTO cinegrafistaCruzeiro ( data, idMakingof, cpfOpCamera )
	VALUES ( to_date ('2016-09-21', 'YYYY-MM-DD'), 25, '238.683.572-15' );
INSERT INTO cinegrafistaCruzeiro ( data, idMakingof, cpfOpCamera )
	VALUES ( to_date ('2010-07-19', 'YYYY-MM-DD'), 5, '513.693.425-00' );
INSERT INTO cinegrafistaCruzeiro ( data, idMakingof, cpfOpCamera )
	VALUES ( to_date ('2008-01-06', 'YYYY-MM-DD'), 23, '035.906.129-91' );
INSERT INTO cinegrafistaCruzeiro ( data, idMakingof, cpfOpCamera )
	VALUES ( to_date ('2009-05-27', 'YYYY-MM-DD'), 36, '323.375.139-50' );
INSERT INTO cinegrafistaCruzeiro ( data, idMakingof, cpfOpCamera )
	VALUES ( to_date ('2001-01-10', 'YYYY-MM-DD'), 20, '904.573.852-23' );
INSERT INTO cinegrafistaCruzeiro ( data, idMakingof, cpfOpCamera )
	VALUES ( to_date ('2010-04-22', 'YYYY-MM-DD'), 30, '496.918.280-41' );
INSERT INTO cinegrafistaCruzeiro ( data, idMakingof, cpfOpCamera )
	VALUES ( to_date ('2015-07-01', 'YYYY-MM-DD'), 36, '987.407.016-29' );
INSERT INTO cinegrafistaCruzeiro ( data, idMakingof, cpfOpCamera )
	VALUES ( to_date ('2001-06-06', 'YYYY-MM-DD'), 15, '849.052.639-96' );
INSERT INTO cinegrafistaCruzeiro ( data, idMakingof, cpfOpCamera )
	VALUES ( to_date ('2003-07-04', 'YYYY-MM-DD'), 10, '230.908.062-22' );
INSERT INTO cinegrafistaCruzeiro ( data, idMakingof, cpfOpCamera )
	VALUES ( to_date ('2018-06-30', 'YYYY-MM-DD'), 6, '003.273.572-61' );
INSERT INTO cinegrafistaCruzeiro ( data, idMakingof, cpfOpCamera )
	VALUES ( to_date ('2017-03-17', 'YYYY-MM-DD'), 3, '895.342.722-81' );
INSERT INTO cinegrafistaCruzeiro ( data, idMakingof, cpfOpCamera )
	VALUES ( to_date ('2003-07-10', 'YYYY-MM-DD'), 3, '693.707.504-19' );
INSERT INTO cinegrafistaCruzeiro ( data, idMakingof, cpfOpCamera )
	VALUES ( to_date ('2015-02-10', 'YYYY-MM-DD'), 6, '866.030.365-26' );
INSERT INTO cinegrafistaCruzeiro ( data, idMakingof, cpfOpCamera )
	VALUES ( to_date ('2012-03-28', 'YYYY-MM-DD'), 6, '941.284.044-81' );
INSERT INTO cinegrafistaCruzeiro ( data, idMakingof, cpfOpCamera )
	VALUES ( to_date ('2005-03-05', 'YYYY-MM-DD'), 26, '866.030.365-26' );
INSERT INTO cinegrafistaCruzeiro ( data, idMakingof, cpfOpCamera )
	VALUES ( to_date ('2012-11-25', 'YYYY-MM-DD'), 15, '988.402.696-60' );
INSERT INTO cinegrafistaCruzeiro ( data, idMakingof, cpfOpCamera )
	VALUES ( to_date ('2010-09-24', 'YYYY-MM-DD'), 11, '343.535.420-47' );

/* TABLE parque */
INSERT INTO parque ( cnpj, endereco, nome, mapaFilePath )
	VALUES ( '97.716.226/4644-40', 'Alameda Isabel Moura, 40 Betânia 93363811 Lima da Praia / PR', 'Sarah Moura', 'Maxime tenetur molestiae quam eos provident. Assumenda omnis asperiores autem non vitae magni.Ea neque eaque inve' );
INSERT INTO parque ( cnpj, endereco, nome, mapaFilePath )
	VALUES ( '63.638.904/0553-05', 'Sítio de Moura Rio Branco 55479724 Moura / AC', 'Cauê Jesus', 'Quaerat asperiores repellendus error dolores iusto excepturi. Ad adipisci ea quaerat. Minus rem vol' );
INSERT INTO parque ( cnpj, endereco, nome, mapaFilePath )
	VALUES ( '67.431.940/2061-77', 'Feira Moura, 3 Vila Da Paz 37047427 Dias das Flores / MA', 'Eduarda Vieira', 'Voluptatibus molestiae sapiente itaque illum. Excepturi facilis maiores. Beatae saepe perferendis dolores.' );
INSERT INTO parque ( cnpj, endereco, nome, mapaFilePath )
	VALUES ( '57.190.080/6334-37', 'Fazenda Cunha, 152 Tres Marias 96408-193 Silveira de Freitas / PA', 'Marcos Vinicius Cardoso,', 'Quae consequatur blanditiis similique. Necessitatibus quia hic quasi. Excepturi cupiditate illo et commodi.Qu' );
INSERT INTO parque ( cnpj, endereco, nome, mapaFilePath )
	VALUES ( '93.317.506/7481-97', 'Vale de Barros Petropolis 58281280 Porto de Araújo / BA', 'Maitê Santos', 'Provident voluptatum dolore distinctio nulla cumque quasi. Vel sit eum sint officia fugia' );
INSERT INTO parque ( cnpj, endereco, nome, mapaFilePath )
	VALUES ( '42.231.492/0864-83', 'Chácara Pietro Martins, 647 Cardoso 27255-108 Jesus / SC', 'Joana Alves', 'Assumenda nihil unde vel quo placeat ad. Ipsam corrupti ad ipsa pariatur ipsam cumque' );
INSERT INTO parque ( cnpj, endereco, nome, mapaFilePath )
	VALUES ( '77.821.863/2184-10', 'Ladeira Matheus Freitas, 82 Satelite 74416726 Alves de Martins / MT', 'Sra. Stephany da Luz', 'Dolores ut ducimus maxime quaerat delectus nihil. Illum perspiciatis blanditiis quia accusantium numquam corporis. A' );
INSERT INTO parque ( cnpj, endereco, nome, mapaFilePath )
	VALUES ( '05.331.102/3712-76', 'Morro de Gomes Vila Santa Rosa 96904457 Araújo / MT', 'Vitor Correia', 'Praesentium dignissimos eaque modi eum nobis expedita voluptatibus. Iusto temporibus vel iste perspiciatis corporis.Itaque por' );
INSERT INTO parque ( cnpj, endereco, nome, mapaFilePath )
	VALUES ( '84.214.771/8846-13', 'Feira Laís Silva, 4 Conjunto Serra Verde 01763903 Gomes de Nogueira / PB', 'Isaac Nascimento', 'Porro fugiat doloribus illum ab neque culpa nostrum. Cumque voluptas dolor nes' );
INSERT INTO parque ( cnpj, endereco, nome, mapaFilePath )
	VALUES ( '46.041.561/4857-12', 'Campo Souza, 6 Vila Do Pombal 46623764 das Neves do Norte / MG', 'Kevin Jesus', 'Cum distinctio ducimus. Nulla doloribus cumque alias. Possimus nemo aliquam. Cum ducimus ex excepturi.Hic culpa' );
INSERT INTO parque ( cnpj, endereco, nome, mapaFilePath )
	VALUES ( '21.169.201/8498-85', 'Largo Rebeca Oliveira, 63 Vila Petropolis 79244-820 da Rosa / MG', 'Samuel Sales', 'Modi nobis molestias quo quaerat illo eius ipsum. Omnis sequi magnam maio' );
INSERT INTO parque ( cnpj, endereco, nome, mapaFilePath )
	VALUES ( '80.916.483/4461-56', 'Lago Eduarda Castro, 1 Barão Homem De Melo 2ª Seção 37450-729 Moreira do Amparo / AL', 'Davi Lucca Martins', 'Eveniet ipsum impedit aliquam debitis. Tenetur architecto pariatu' );
INSERT INTO parque ( cnpj, endereco, nome, mapaFilePath )
	VALUES ( '35.066.252/9095-42', 'Trecho Peixoto, 2 Baleia 12994-462 Oliveira / MG', 'Enzo da Mota', 'Architecto natus commodi voluptas ducimus nihil. Soluta impedit co' );
INSERT INTO parque ( cnpj, endereco, nome, mapaFilePath )
	VALUES ( '95.956.140/2002-74', 'Área de Carvalho, 819 Vila Engenho Nogueira 57797260 Lima / SE', 'Gustavo Fogaça', 'Ipsa sit maiores quam. Mollitia sed eveniet culpa minus ab. Animi pariatur quae pariatur' );
INSERT INTO parque ( cnpj, endereco, nome, mapaFilePath )
	VALUES ( '79.122.120/9116-33', 'Estrada Oliveira, 56 Vila Petropolis 98176578 Rodrigues / SE', 'Laura Nunes', 'Quam voluptatum nemo minima molestias aperiam eius natus. Error tempora cumque ' );
INSERT INTO parque ( cnpj, endereco, nome, mapaFilePath )
	VALUES ( '72.634.660/2830-75', 'Aeroporto Bryan Aragão, 732 Vila Sumaré 59483875 Martins / PB', 'Fernanda Ramos', 'Alias consectetur praesentium reprehenderit quasi magni odio quisquam.' );
INSERT INTO parque ( cnpj, endereco, nome, mapaFilePath )
	VALUES ( '77.289.287/4398-15', 'Vereda Leandro Rodrigues, 16 Universitário 42882465 Pinto das Pedras / RO', 'Luna Almeida', 'Repellendus rerum molestias et neque. Repudiandae repellat aliquid laudantium ' );
INSERT INTO parque ( cnpj, endereco, nome, mapaFilePath )
	VALUES ( '48.350.791/8216-23', 'Rua Teixeira, 752 Glória 84552490 da Paz / RO', 'Davi Luiz Pereira', 'Voluptatem provident molestiae est. Quisquam tempora rerum aspernatur illo facere aspernatur. Distinctio nesciunt atque sol' );
INSERT INTO parque ( cnpj, endereco, nome, mapaFilePath )
	VALUES ( '31.953.322/2247-14', 'Área Diogo Aragão, 65 Vila Jardim São José 25683-207 Oliveira / TO', 'Srta. Maysa Lopes', 'Quae similique porro atque laborum aspernatur. Laborum veniam officia unde magni volupta' );
INSERT INTO parque ( cnpj, endereco, nome, mapaFilePath )
	VALUES ( '85.777.592/2686-89', 'Vila de Silveira, 41 Biquinhas 90339-532 Martins / AP', 'Benjamin Freitas', 'Assumenda rem nihil numquam facere doloremque excepturi. Officia vitae quos magni odit. Aliquid corporis incidunt dolorem u' );
INSERT INTO parque ( cnpj, endereco, nome, mapaFilePath )
	VALUES ( '70.277.879/0631-89', 'Residencial Campos Itapoa 64850-579 da Rocha / MT', 'Miguel Monteiro', 'Iste neque aspernatur optio dolor architecto. Illum voluptas necessitatibus sint nam ipsum eius.' );
INSERT INTO parque ( cnpj, endereco, nome, mapaFilePath )
	VALUES ( '23.851.635/9280-84', 'Feira Vitor Hugo Cunha, 565 Brasil Industrial 69037220 Cardoso, de Campos / RN', 'Lorena Caldeira', 'Vel a vero fuga voluptas voluptas. Hic tenetur placeat magnam. Odio accusantium dolo' );
INSERT INTO parque ( cnpj, endereco, nome, mapaFilePath )
	VALUES ( '12.351.738/4412-15', 'Praça de Ferreira, 875 Vila Puc 77756-457 Gomes / MS', 'Eduardo da Luz', 'Deleniti hic animi cumque repudiandae nostrum. Maxime voluptate fugiat possimus iusto vero.' );
INSERT INTO parque ( cnpj, endereco, nome, mapaFilePath )
	VALUES ( '77.734.978/8693-13', 'Jardim Ana Júlia Vieira, 3 Renascença 19084713 Caldeira do Oeste / TO', 'Daniela Oliveira', 'Aspernatur sed voluptatem tenetur voluptatem accusamus. Aliquam autem odio. Nam itaq' );
INSERT INTO parque ( cnpj, endereco, nome, mapaFilePath )
	VALUES ( '65.847.778/7623-41', 'Passarela Marina Viana, 959 Vila Nova Cachoeirinha 1ª Seção 32661548 Nogueira / PR', 'Breno da Rocha', 'Voluptates deleniti est consequuntur officia repellat suscipit. Neque non fugiat amet natus quo corrupti. Hic dignissimo' );
INSERT INTO parque ( cnpj, endereco, nome, mapaFilePath )
	VALUES ( '22.786.245/9593-05', 'Lago da Cunha Dom Joaquim 16161262 Rezende de Carvalho / MS', 'Clarice Nunes', 'Explicabo perferendis sequi deserunt animi. Incidunt facere porro sit quis quos beatae. Fuga debitis reprehe' );
INSERT INTO parque ( cnpj, endereco, nome, mapaFilePath )
	VALUES ( '84.934.547/9938-12', 'Recanto de Duarte, 22 Flavio De Oliveira 89324383 Santos / CE', 'Dr. Breno da Luz', 'Recusandae velit officiis commodi deleniti. Odit repellat minima necessitatibus. Re' );
INSERT INTO parque ( cnpj, endereco, nome, mapaFilePath )
	VALUES ( '09.880.825/1326-45', 'Rua FariasFernandes, 37 Madre Gertrudes 53607216 das Neves Alegre / RN', 'Gabriel Lima', 'Vero quidem error ab. Cum sunt voluptas. Nihil illo placeat.Sapiente similique occaecati dolor nostrum. Labore qu' );
INSERT INTO parque ( cnpj, endereco, nome, mapaFilePath )
	VALUES ( '90.274.616/6114-91', 'Ladeira de Azevedo, 26 Vila Nova Cachoeirinha 2ª Seção 91416895 Cavalcanti de Viana / MS', 'Emilly Santos', 'Soluta voluptatem provident voluptates. Labore laborum cupiditate natus sequi.At iure facere commodi tempor' );
INSERT INTO parque ( cnpj, endereco, nome, mapaFilePath )
	VALUES ( '77.400.108/6948-74', 'Estação de Nunes, 74 Pedreira Padro Lopes 58469-639 Pires / AL', 'Cauê Moura', 'Nihil fugit molestiae optio laudantium. Sapiente officia itaque sequi blanditiis adipisci.Acc' );
INSERT INTO parque ( cnpj, endereco, nome, mapaFilePath )
	VALUES ( '59.874.214/9099-10', 'Trecho de Viana, 74 Vila Ouro Minas 02712-279 Viana da Mata / MT', 'Lorenzo Silva', 'Eveniet perferendis earum repellat saepe praesentium. Ex dicta tempore ex quidem alias. Recusandae sed mollitia.R' );
INSERT INTO parque ( cnpj, endereco, nome, mapaFilePath )
	VALUES ( '67.543.801/6438-34', 'Rodovia Souza, 10 Conjunto Novo Dom Bosco 74047-019 da Costa Paulista / RS', 'Luna Costela', 'Tempore molestias dolorum nihil cum optio voluptate. Harum quae s' );
INSERT INTO parque ( cnpj, endereco, nome, mapaFilePath )
	VALUES ( '64.715.641/7509-67', 'Lago Duarte Marieta 3ª Seção 93097355 Almeida / MG', 'Leandro da Luz', 'Libero sunt tenetur dolorem maxime.Unde ratione numquam eum doloremque in quis. Nihil ' );
INSERT INTO parque ( cnpj, endereco, nome, mapaFilePath )
	VALUES ( '34.206.551/7005-77', 'Parque de da Mota, 56 Nossa Senhora Aparecida 76593850 Lima de Nascimento / DF', 'Ryan Melo', 'Error voluptate doloremque delectus deserunt. Similique deserunt commodi asper' );
INSERT INTO parque ( cnpj, endereco, nome, mapaFilePath )
	VALUES ( '15.273.790/8695-49', 'Fazenda Nogueira, 479 Providencia 85952185 Martins do Sul / PI', 'Sr. Diogo Lopes', 'Culpa explicabo numquam debitis totam doloribus temporibus. Numquam vero molestias a architecto. Aliquid ex consequatur quaerat' );
INSERT INTO parque ( cnpj, endereco, nome, mapaFilePath )
	VALUES ( '82.584.680/9727-24', 'Passarela Nascimento, 402 Vila Paris 19374540 Melo de Goiás / RJ', 'Bárbara Barbosa', 'Iste reiciendis aspernatur enim ratione. Dolore labore sunt. Nulla fugiat vero rerum totam mi' );
INSERT INTO parque ( cnpj, endereco, nome, mapaFilePath )
	VALUES ( '94.081.472/9235-55', 'Chácara Igor Cavalcanti, 2 Nova Granada 02983-812 Barros Paulista / AL', 'Eduardo das Neves', 'Harum et quia dignissimos corporis. Id enim modi qui. Consequatur quo nostrum saepe ipsam a.' );
INSERT INTO parque ( cnpj, endereco, nome, mapaFilePath )
	VALUES ( '75.799.605/0383-07', 'Praça Martins, 50 Mangabeiras 77061-641 da Conceição / PI', 'Ana Vitória Castro', 'Libero alias porro doloribus a. Necessitatibus iste asperiores ut nemo. Voluptates tempora ' );
INSERT INTO parque ( cnpj, endereco, nome, mapaFilePath )
	VALUES ( '58.825.759/5797-17', 'Largo Caio Ramos, 774 Serra Verde 34957-110 da Cunha de FariasFernandes / PB', 'Srta. Gabriela Costela', 'Mollitia officiis impedit laboriosam fugit necessitatibus optio eius. Cupiditate dolorum minima deleniti inventore.' );
INSERT INTO parque ( cnpj, endereco, nome, mapaFilePath )
	VALUES ( '01.875.850/5441-57', 'Jardim de Rezende, 16 Nossa Senhora Da Conceição 76322-260 Cunha / CE', 'Manuela Cardoso', 'Illum magni ex est tenetur quibusdam corporis quidem. Fugit magni cum harum veritatis optio' );

/* TABLE festaNoParque */
INSERT INTO festaNoParque ( dataFim, cnpjParque, dataInicio, numeroConvidados, nome )
	VALUES ( to_date ('2015-07-09', 'YYYY-MM-DD'), '75.799.605/0383-07', to_date ('2010-04-13', 'YYYY-MM-DD'), 183791, 'Davi Lucca Cardoso' );
INSERT INTO festaNoParque ( dataFim, cnpjParque, dataInicio, numeroConvidados, nome )
	VALUES ( to_date ('2012-07-22', 'YYYY-MM-DD'), '63.638.904/0553-05', to_date ('2004-07-02', 'YYYY-MM-DD'), 490725, 'Gustavo Henrique Moura' );
INSERT INTO festaNoParque ( dataFim, cnpjParque, dataInicio, numeroConvidados, nome )
	VALUES ( to_date ('2002-08-09', 'YYYY-MM-DD'), '84.214.771/8846-13', to_date ('2013-07-06', 'YYYY-MM-DD'), 595624, 'Levi Cardoso' );
INSERT INTO festaNoParque ( dataFim, cnpjParque, dataInicio, numeroConvidados, nome )
	VALUES ( to_date ('2015-04-29', 'YYYY-MM-DD'), '65.847.778/7623-41', to_date ('2016-08-12', 'YYYY-MM-DD'), 564447, 'Luiza Nogueira' );
INSERT INTO festaNoParque ( dataFim, cnpjParque, dataInicio, numeroConvidados, nome )
	VALUES ( to_date ('2014-10-23', 'YYYY-MM-DD'), '84.214.771/8846-13', to_date ('2002-08-23', 'YYYY-MM-DD'), 257292, 'Ana Julia da Mata' );
INSERT INTO festaNoParque ( dataFim, cnpjParque, dataInicio, numeroConvidados, nome )
	VALUES ( to_date ('2001-04-20', 'YYYY-MM-DD'), '67.543.801/6438-34', to_date ('2016-05-12', 'YYYY-MM-DD'), 316098, 'Alice da Mota' );
INSERT INTO festaNoParque ( dataFim, cnpjParque, dataInicio, numeroConvidados, nome )
	VALUES ( to_date ('2005-06-23', 'YYYY-MM-DD'), '65.847.778/7623-41', to_date ('2013-08-23', 'YYYY-MM-DD'), 551172, 'Sra. Marcela Pinto' );
INSERT INTO festaNoParque ( dataFim, cnpjParque, dataInicio, numeroConvidados, nome )
	VALUES ( to_date ('2013-05-03', 'YYYY-MM-DD'), '21.169.201/8498-85', to_date ('2016-02-17', 'YYYY-MM-DD'), 537385, 'Levi Moraes' );
INSERT INTO festaNoParque ( dataFim, cnpjParque, dataInicio, numeroConvidados, nome )
	VALUES ( to_date ('2010-09-24', 'YYYY-MM-DD'), '09.880.825/1326-45', to_date ('2017-05-19', 'YYYY-MM-DD'), 407301, 'Sra. Rebeca Nunes' );
INSERT INTO festaNoParque ( dataFim, cnpjParque, dataInicio, numeroConvidados, nome )
	VALUES ( to_date ('2017-10-28', 'YYYY-MM-DD'), '42.231.492/0864-83', to_date ('2008-06-08', 'YYYY-MM-DD'), 369118, 'Diogo Aragão' );
INSERT INTO festaNoParque ( dataFim, cnpjParque, dataInicio, numeroConvidados, nome )
	VALUES ( to_date ('2007-04-13', 'YYYY-MM-DD'), '67.543.801/6438-34', to_date ('2016-04-11', 'YYYY-MM-DD'), 408863, 'Pietro Cardoso,' );
INSERT INTO festaNoParque ( dataFim, cnpjParque, dataInicio, numeroConvidados, nome )
	VALUES ( to_date ('2012-02-17', 'YYYY-MM-DD'), '01.875.850/5441-57', to_date ('2014-06-26', 'YYYY-MM-DD'), 395971, 'Sr. João Felipe da Rosa' );
INSERT INTO festaNoParque ( dataFim, cnpjParque, dataInicio, numeroConvidados, nome )
	VALUES ( to_date ('2008-04-23', 'YYYY-MM-DD'), '95.956.140/2002-74', to_date ('2016-04-10', 'YYYY-MM-DD'), 286734, 'Gabriel Alves' );
INSERT INTO festaNoParque ( dataFim, cnpjParque, dataInicio, numeroConvidados, nome )
	VALUES ( to_date ('2005-01-20', 'YYYY-MM-DD'), '67.431.940/2061-77', to_date ('2011-02-08', 'YYYY-MM-DD'), 545866, 'Davi Pereira' );
INSERT INTO festaNoParque ( dataFim, cnpjParque, dataInicio, numeroConvidados, nome )
	VALUES ( to_date ('2012-03-10', 'YYYY-MM-DD'), '09.880.825/1326-45', to_date ('2018-05-15', 'YYYY-MM-DD'), 191298, 'Raquel Cavalcanti' );
INSERT INTO festaNoParque ( dataFim, cnpjParque, dataInicio, numeroConvidados, nome )
	VALUES ( to_date ('2002-03-25', 'YYYY-MM-DD'), '79.122.120/9116-33', to_date ('2014-10-17', 'YYYY-MM-DD'), 629443, 'Dr. Vicente da Luz' );
INSERT INTO festaNoParque ( dataFim, cnpjParque, dataInicio, numeroConvidados, nome )
	VALUES ( to_date ('2013-08-22', 'YYYY-MM-DD'), '72.634.660/2830-75', to_date ('2017-04-13', 'YYYY-MM-DD'), 158896, 'Maria Julia da Mata' );
INSERT INTO festaNoParque ( dataFim, cnpjParque, dataInicio, numeroConvidados, nome )
	VALUES ( to_date ('2007-09-09', 'YYYY-MM-DD'), '21.169.201/8498-85', to_date ('2011-08-10', 'YYYY-MM-DD'), 731894, 'João Miguel da Rocha' );
INSERT INTO festaNoParque ( dataFim, cnpjParque, dataInicio, numeroConvidados, nome )
	VALUES ( to_date ('2001-10-05', 'YYYY-MM-DD'), '82.584.680/9727-24', to_date ('2008-11-21', 'YYYY-MM-DD'), 105860, 'Luana Ribeiro' );
INSERT INTO festaNoParque ( dataFim, cnpjParque, dataInicio, numeroConvidados, nome )
	VALUES ( to_date ('2004-01-04', 'YYYY-MM-DD'), '57.190.080/6334-37', to_date ('2000-10-25', 'YYYY-MM-DD'), 510791, 'Matheus Jesus' );
INSERT INTO festaNoParque ( dataFim, cnpjParque, dataInicio, numeroConvidados, nome )
	VALUES ( to_date ('2016-03-09', 'YYYY-MM-DD'), '23.851.635/9280-84', to_date ('2016-08-14', 'YYYY-MM-DD'), 111871, 'Augusto Sales' );
INSERT INTO festaNoParque ( dataFim, cnpjParque, dataInicio, numeroConvidados, nome )
	VALUES ( to_date ('2008-09-10', 'YYYY-MM-DD'), '09.880.825/1326-45', to_date ('2013-05-21', 'YYYY-MM-DD'), 691079, 'Matheus Cavalcanti' );
INSERT INTO festaNoParque ( dataFim, cnpjParque, dataInicio, numeroConvidados, nome )
	VALUES ( to_date ('2000-06-19', 'YYYY-MM-DD'), '59.874.214/9099-10', to_date ('2008-07-28', 'YYYY-MM-DD'), 165791, 'Theo Ramos' );
INSERT INTO festaNoParque ( dataFim, cnpjParque, dataInicio, numeroConvidados, nome )
	VALUES ( to_date ('2013-09-06', 'YYYY-MM-DD'), '01.875.850/5441-57', to_date ('2016-05-19', 'YYYY-MM-DD'), 730778, 'Stephany Porto' );
INSERT INTO festaNoParque ( dataFim, cnpjParque, dataInicio, numeroConvidados, nome )
	VALUES ( to_date ('2008-08-18', 'YYYY-MM-DD'), '85.777.592/2686-89', to_date ('2018-08-06', 'YYYY-MM-DD'), 542620, 'Ana Beatriz Oliveira' );
INSERT INTO festaNoParque ( dataFim, cnpjParque, dataInicio, numeroConvidados, nome )
	VALUES ( to_date ('2017-05-27', 'YYYY-MM-DD'), '85.777.592/2686-89', to_date ('2004-09-25', 'YYYY-MM-DD'), 134550, 'Noah Viana' );
INSERT INTO festaNoParque ( dataFim, cnpjParque, dataInicio, numeroConvidados, nome )
	VALUES ( to_date ('2004-03-08', 'YYYY-MM-DD'), '63.638.904/0553-05', to_date ('2011-01-25', 'YYYY-MM-DD'), 510930, 'Elisa Lima' );
INSERT INTO festaNoParque ( dataFim, cnpjParque, dataInicio, numeroConvidados, nome )
	VALUES ( to_date ('2002-01-18', 'YYYY-MM-DD'), '97.716.226/4644-40', to_date ('2000-02-10', 'YYYY-MM-DD'), 180802, 'Luigi Vieira' );
INSERT INTO festaNoParque ( dataFim, cnpjParque, dataInicio, numeroConvidados, nome )
	VALUES ( to_date ('2012-06-11', 'YYYY-MM-DD'), '63.638.904/0553-05', to_date ('2010-05-16', 'YYYY-MM-DD'), 637971, 'Maysa da Mota' );
INSERT INTO festaNoParque ( dataFim, cnpjParque, dataInicio, numeroConvidados, nome )
	VALUES ( to_date ('2009-11-08', 'YYYY-MM-DD'), '35.066.252/9095-42', to_date ('2005-04-25', 'YYYY-MM-DD'), 129775, 'Dr. Lucas Moraes' );
INSERT INTO festaNoParque ( dataFim, cnpjParque, dataInicio, numeroConvidados, nome )
	VALUES ( to_date ('2005-07-07', 'YYYY-MM-DD'), '34.206.551/7005-77', to_date ('2018-04-22', 'YYYY-MM-DD'), 862967, 'Thales Novaes' );
INSERT INTO festaNoParque ( dataFim, cnpjParque, dataInicio, numeroConvidados, nome )
	VALUES ( to_date ('2012-10-13', 'YYYY-MM-DD'), '72.634.660/2830-75', to_date ('2015-09-24', 'YYYY-MM-DD'), 191893, 'Dr. Davi Pinto' );
INSERT INTO festaNoParque ( dataFim, cnpjParque, dataInicio, numeroConvidados, nome )
	VALUES ( to_date ('2014-02-29', 'YYYY-MM-DD'), '94.081.472/9235-55', to_date ('2009-02-22', 'YYYY-MM-DD'), 884706, 'Diego Peixoto' );
INSERT INTO festaNoParque ( dataFim, cnpjParque, dataInicio, numeroConvidados, nome )
	VALUES ( to_date ('2018-10-18', 'YYYY-MM-DD'), '48.350.791/8216-23', to_date ('2013-08-29', 'YYYY-MM-DD'), 368377, 'Pedro Miguel Teixeira' );
INSERT INTO festaNoParque ( dataFim, cnpjParque, dataInicio, numeroConvidados, nome )
	VALUES ( to_date ('2008-03-25', 'YYYY-MM-DD'), '65.847.778/7623-41', to_date ('2016-08-19', 'YYYY-MM-DD'), 284675, 'Lucca Costela' );
INSERT INTO festaNoParque ( dataFim, cnpjParque, dataInicio, numeroConvidados, nome )
	VALUES ( to_date ('2000-09-24', 'YYYY-MM-DD'), '80.916.483/4461-56', to_date ('2013-08-04', 'YYYY-MM-DD'), 217165, 'Raul Almeida' );
INSERT INTO festaNoParque ( dataFim, cnpjParque, dataInicio, numeroConvidados, nome )
	VALUES ( to_date ('2008-11-15', 'YYYY-MM-DD'), '80.916.483/4461-56', to_date ('2005-06-08', 'YYYY-MM-DD'), 709062, 'Melissa Souza' );
INSERT INTO festaNoParque ( dataFim, cnpjParque, dataInicio, numeroConvidados, nome )
	VALUES ( to_date ('2008-07-01', 'YYYY-MM-DD'), '95.956.140/2002-74', to_date ('2014-02-03', 'YYYY-MM-DD'), 314281, 'Luigi Freitas' );
INSERT INTO festaNoParque ( dataFim, cnpjParque, dataInicio, numeroConvidados, nome )
	VALUES ( to_date ('2000-11-02', 'YYYY-MM-DD'), '46.041.561/4857-12', to_date ('2000-03-23', 'YYYY-MM-DD'), 400057, 'Luiz Otávio Freitas' );
INSERT INTO festaNoParque ( dataFim, cnpjParque, dataInicio, numeroConvidados, nome )
	VALUES ( to_date ('2014-10-03', 'YYYY-MM-DD'), '01.875.850/5441-57', to_date ('2016-04-24', 'YYYY-MM-DD'), 672393, 'Cauã Pires' );
/* NULL INSERTION FOR ATTRIBUTE dataFim AT TABLE festaNoParque  */
 INSERT INTO festaNoParque ( dataFim, cnpjParque, dataInicio, numeroConvidados, nome )
	VALUES ( NULL, '67.543.801/6438-34', to_date ('2005-02-15', 'YYYY-MM-DD'), 559414, 'Sr. Isaac da Cruz' );

/* TABLE atracao */
INSERT INTO atracao ( cnpjParque, poligono, nome, numero, dataFesta )
	VALUES ( '80.916.483/4461-56', '{{871438, 658349, 584834}, {652507, 498111, 291254}, {795295, 438352, 492993}, {266910, 551522, 244447}, {327251, 384428, 686378}, {525460, 745313, 620604}, {533636, 793729, 284583}, {869732, 564415, 670645}, {432964, 235694, 268248}, {278630, 387099, 529573}}', 'Amanda Moura', 729239, to_date ('2013-08-04', 'YYYY-MM-DD') );
INSERT INTO atracao ( cnpjParque, poligono, nome, numero, dataFesta )
	VALUES ( '84.214.771/8846-13', '{{461985, 401301, 370722}, {228459, 783547, 841917}, {849096, 143983, 836657}, {112315, 213233, 327410}, {563625, 171032, 564121}, {479470, 605964, 714056}, {870410, 672882, 780489}, {867674, 569451, 235102}, {570310, 710662, 744203}, {770124, 132816, 657985}}', 'Evelyn Moraes', 736124, to_date ('2013-07-06', 'YYYY-MM-DD') );
INSERT INTO atracao ( cnpjParque, poligono, nome, numero, dataFesta )
	VALUES ( '72.634.660/2830-75', '{{360910, 835891, 742614}, {308636, 241543, 813239}, {287771, 390840, 852325}, {746912, 579484, 776310}, {870107, 440214, 306151}, {537027, 418594, 141478}, {104790, 160549, 749163}, {753977, 693607, 301518}, {440552, 241528, 460879}, {193370, 712191, 223107}}', 'Igor da Conceição', 400532, to_date ('2015-09-24', 'YYYY-MM-DD') );
INSERT INTO atracao ( cnpjParque, poligono, nome, numero, dataFesta )
	VALUES ( '01.875.850/5441-57', '{{218682, 503898, 211597}, {892669, 173142, 185286}, {139833, 163047, 599288}, {257097, 585454, 474408}, {703735, 412077, 142510}, {816820, 145803, 160418}, {867903, 296151, 647166}, {408659, 491012, 416639}, {416248, 404476, 519032}, {480233, 155292, 595039}}', 'Pietra Santos', 767169, to_date ('2016-05-19', 'YYYY-MM-DD') );
INSERT INTO atracao ( cnpjParque, poligono, nome, numero, dataFesta )
	VALUES ( '84.214.771/8846-13', '{{530413, 514540, 303937}, {648478, 251167, 204580}, {768603, 569317, 399913}, {206854, 565466, 524835}, {580781, 120759, 848467}, {335351, 763619, 293061}, {365443, 869524, 326622}, {204896, 724005, 161190}, {798252, 177522, 131572}, {594024, 537168, 152699}}', 'Milena Gomes', 357245, to_date ('2013-07-06', 'YYYY-MM-DD') );
INSERT INTO atracao ( cnpjParque, poligono, nome, numero, dataFesta )
	VALUES ( '84.214.771/8846-13', '{{256377, 779497, 188087}, {259540, 596199, 349399}, {859429, 786184, 384752}, {138305, 742835, 173281}, {133456, 193818, 310408}, {808565, 885264, 827338}, {849276, 689129, 576498}, {768646, 450981, 185191}, {428459, 250068, 832245}, {622058, 325726, 832378}}', 'Dra. Catarina da Cunha', 734578, to_date ('2013-07-06', 'YYYY-MM-DD') );
INSERT INTO atracao ( cnpjParque, poligono, nome, numero, dataFesta )
	VALUES ( '95.956.140/2002-74', '{{153563, 859339, 582216}, {535715, 266817, 244611}, {233016, 821431, 203809}, {874967, 859949, 114200}, {783239, 371165, 707016}, {645526, 141998, 479068}, {631219, 659018, 169394}, {873596, 799345, 496164}, {768937, 878571, 535106}, {248856, 647722, 809384}}', 'Isabella Lima', 411955, to_date ('2016-04-10', 'YYYY-MM-DD') );
INSERT INTO atracao ( cnpjParque, poligono, nome, numero, dataFesta )
	VALUES ( '80.916.483/4461-56', '{{665292, 619537, 491160}, {179421, 634731, 455301}, {206665, 233961, 409708}, {859211, 727303, 556784}, {878406, 862755, 328060}, {408315, 160071, 644827}, {642154, 593348, 824176}, {607803, 177177, 484013}, {649240, 646418, 545709}, {872735, 825231, 814727}}', 'Mariane Caldeira', 289972, to_date ('2013-08-04', 'YYYY-MM-DD') );
INSERT INTO atracao ( cnpjParque, poligono, nome, numero, dataFesta )
	VALUES ( '63.638.904/0553-05', '{{728903, 579925, 824673}, {512667, 236262, 251487}, {811578, 627914, 224416}, {297734, 792135, 577476}, {711303, 675504, 580188}, {634724, 697238, 753194}, {832287, 460977, 263375}, {552232, 756809, 458907}, {568852, 386121, 815315}, {512157, 765314, 450344}}', 'Lorena da Mota', 563647, to_date ('2011-01-25', 'YYYY-MM-DD') );
INSERT INTO atracao ( cnpjParque, poligono, nome, numero, dataFesta )
	VALUES ( '79.122.120/9116-33', '{{498965, 114411, 703231}, {129538, 564648, 328965}, {107893, 446592, 118013}, {751304, 473710, 104038}, {825470, 388032, 733527}, {642180, 844333, 307436}, {145935, 292673, 866224}, {240320, 880847, 712793}, {571187, 292703, 499945}, {815989, 447176, 485663}}', 'Srta. Emanuelly Rodrigues', 189199, to_date ('2014-10-17', 'YYYY-MM-DD') );
INSERT INTO atracao ( cnpjParque, poligono, nome, numero, dataFesta )
	VALUES ( '75.799.605/0383-07', '{{360045, 371511, 304594}, {416662, 319102, 348787}, {871853, 193244, 483161}, {395539, 780162, 296428}, {309988, 749677, 872672}, {839746, 717736, 136297}, {863601, 266588, 812920}, {172040, 566891, 203052}, {483152, 570775, 641582}, {285789, 704271, 333922}}', 'Guilherme Ramos', 164197, to_date ('2010-04-13', 'YYYY-MM-DD') );
INSERT INTO atracao ( cnpjParque, poligono, nome, numero, dataFesta )
	VALUES ( '23.851.635/9280-84', '{{593398, 875046, 261395}, {671074, 108825, 102230}, {591313, 278964, 584148}, {889669, 328071, 215758}, {669894, 208537, 413121}, {118886, 772897, 272000}, {588148, 653783, 495654}, {769299, 638909, 265948}, {274308, 100049, 640486}, {552538, 182306, 145875}}', 'Gustavo da Conceição', 493193, to_date ('2016-08-14', 'YYYY-MM-DD') );
INSERT INTO atracao ( cnpjParque, poligono, nome, numero, dataFesta )
	VALUES ( '84.214.771/8846-13', '{{861729, 460190, 428506}, {549029, 258229, 238585}, {411858, 392719, 205895}, {602920, 772794, 466243}, {280340, 579273, 256665}, {369412, 640227, 261865}, {247734, 638589, 134023}, {180197, 459962, 503517}, {774791, 583033, 711872}, {277528, 459751, 559599}}', 'Isabel Nogueira', 421176, to_date ('2002-08-23', 'YYYY-MM-DD') );
INSERT INTO atracao ( cnpjParque, poligono, nome, numero, dataFesta )
	VALUES ( '72.634.660/2830-75', '{{763041, 781698, 681501}, {789591, 825197, 418102}, {349881, 634117, 857951}, {129182, 774337, 571250}, {592187, 810599, 791928}, {516539, 795494, 164854}, {693650, 757251, 498462}, {136873, 199530, 148972}, {818200, 430802, 128378}, {364832, 725338, 504902}}', 'Pietro Melo', 858050, to_date ('2015-09-24', 'YYYY-MM-DD') );
INSERT INTO atracao ( cnpjParque, poligono, nome, numero, dataFesta )
	VALUES ( '72.634.660/2830-75', '{{584342, 702405, 820311}, {656578, 531281, 735840}, {390057, 643069, 294563}, {273206, 449901, 145178}, {658779, 184439, 548690}, {392377, 808448, 315826}, {466506, 703997, 309312}, {834603, 304347, 238518}, {783664, 619379, 861387}, {539465, 137365, 462610}}', 'Dr. Bruno Lima', 434325, to_date ('2015-09-24', 'YYYY-MM-DD') );
INSERT INTO atracao ( cnpjParque, poligono, nome, numero, dataFesta )
	VALUES ( '65.847.778/7623-41', '{{789160, 748581, 209224}, {651349, 861538, 104273}, {358832, 494571, 676723}, {423115, 427951, 616593}, {575053, 605749, 161125}, {414257, 869661, 608981}, {129509, 179184, 680130}, {467778, 754766, 464804}, {877790, 571990, 640620}, {543028, 254920, 510331}}', 'João Lucas Viana', 589250, to_date ('2016-08-19', 'YYYY-MM-DD') );
INSERT INTO atracao ( cnpjParque, poligono, nome, numero, dataFesta )
	VALUES ( '84.214.771/8846-13', '{{130158, 861825, 565036}, {440965, 336810, 491930}, {562232, 750442, 736752}, {376338, 402452, 323726}, {670626, 674408, 897894}, {549581, 168408, 155890}, {338374, 112833, 365790}, {463506, 698103, 517381}, {398491, 896169, 720512}, {870864, 491936, 501630}}', 'Maria Fernanda Ribeiro', 897104, to_date ('2013-07-06', 'YYYY-MM-DD') );
INSERT INTO atracao ( cnpjParque, poligono, nome, numero, dataFesta )
	VALUES ( '01.875.850/5441-57', '{{171686, 785650, 886402}, {429248, 885821, 175965}, {521859, 565562, 708192}, {748407, 401821, 427572}, {144473, 315219, 769576}, {811299, 485588, 442826}, {152117, 639526, 300806}, {293068, 280209, 798207}, {220251, 867107, 440493}, {894647, 264290, 818673}}', 'Sra. Yasmin Teixeira', 626310, to_date ('2016-05-19', 'YYYY-MM-DD') );
INSERT INTO atracao ( cnpjParque, poligono, nome, numero, dataFesta )
	VALUES ( '97.716.226/4644-40', '{{832175, 720649, 808413}, {498615, 288173, 892054}, {508517, 361355, 687517}, {247245, 233656, 594882}, {548687, 382801, 842410}, {411346, 332229, 559019}, {180385, 230715, 823981}, {302664, 189068, 878501}, {484087, 536167, 629618}, {342190, 449388, 554846}}', 'Thiago Correia', 720443, to_date ('2000-02-10', 'YYYY-MM-DD') );
INSERT INTO atracao ( cnpjParque, poligono, nome, numero, dataFesta )
	VALUES ( '67.543.801/6438-34', '{{108792, 416268, 274619}, {870862, 505382, 832277}, {813771, 102429, 451202}, {834917, 666066, 481693}, {198376, 885852, 438576}, {495282, 723070, 324761}, {123306, 177303, 833283}, {410896, 826487, 835442}, {535255, 691282, 628244}, {621762, 142978, 609081}}', 'Kaique Novaes', 867913, to_date ('2016-04-11', 'YYYY-MM-DD') );
INSERT INTO atracao ( cnpjParque, poligono, nome, numero, dataFesta )
	VALUES ( '63.638.904/0553-05', '{{819603, 746717, 720553}, {690526, 338749, 247952}, {466482, 152319, 249545}, {102331, 138808, 268852}, {740631, 673664, 757430}, {545589, 365906, 744069}, {242030, 190856, 592950}, {343456, 165442, 152702}, {734907, 466927, 418633}, {596122, 886967, 573360}}', 'João Lucas Melo', 518786, to_date ('2010-05-16', 'YYYY-MM-DD') );
INSERT INTO atracao ( cnpjParque, poligono, nome, numero, dataFesta )
	VALUES ( '72.634.660/2830-75', '{{286038, 621895, 402293}, {761864, 419397, 519887}, {384292, 586492, 514577}, {831902, 536246, 315982}, {856162, 786359, 562511}, {289166, 813211, 769855}, {232000, 488158, 379299}, {176262, 835013, 128078}, {429530, 776984, 888168}, {152196, 544938, 188321}}', 'Otávio da Paz', 341753, to_date ('2017-04-13', 'YYYY-MM-DD') );
INSERT INTO atracao ( cnpjParque, poligono, nome, numero, dataFesta )
	VALUES ( '59.874.214/9099-10', '{{577343, 522885, 598354}, {516993, 429590, 783057}, {367930, 845303, 149036}, {196232, 558155, 560495}, {514693, 145588, 534205}, {354973, 186788, 301631}, {488397, 150974, 358221}, {275167, 151120, 293003}, {602453, 290781, 318283}, {123926, 684972, 416396}}', 'Pedro Henrique Porto', 848408, to_date ('2008-07-28', 'YYYY-MM-DD') );
INSERT INTO atracao ( cnpjParque, poligono, nome, numero, dataFesta )
	VALUES ( '65.847.778/7623-41', '{{185036, 569311, 751212}, {134470, 490280, 224446}, {288872, 558190, 126245}, {780240, 889265, 706847}, {456194, 769558, 126638}, {166936, 361165, 852132}, {816183, 168064, 772547}, {866804, 605109, 669339}, {690124, 606025, 584077}, {872848, 720773, 566568}}', 'Lucca Caldeira', 125446, to_date ('2016-08-12', 'YYYY-MM-DD') );
INSERT INTO atracao ( cnpjParque, poligono, nome, numero, dataFesta )
	VALUES ( '34.206.551/7005-77', '{{838811, 182183, 264430}, {850709, 467479, 129389}, {173528, 154070, 291095}, {444601, 289447, 394834}, {304492, 434205, 712863}, {851119, 872066, 466925}, {370388, 541366, 663724}, {430175, 155117, 358797}, {561109, 287617, 313528}, {271863, 840233, 503148}}', 'Emanuelly Novaes', 849850, to_date ('2018-04-22', 'YYYY-MM-DD') );
INSERT INTO atracao ( cnpjParque, poligono, nome, numero, dataFesta )
	VALUES ( '23.851.635/9280-84', '{{508157, 296558, 371140}, {118819, 739596, 218350}, {452282, 255294, 261482}, {430523, 450734, 469806}, {383773, 761089, 350347}, {771946, 707153, 612624}, {243209, 866466, 273920}, {762749, 206197, 734098}, {834313, 254924, 152529}, {148223, 792300, 672772}}', 'Lucas Cardoso,', 788645, to_date ('2016-08-14', 'YYYY-MM-DD') );
INSERT INTO atracao ( cnpjParque, poligono, nome, numero, dataFesta )
	VALUES ( '85.777.592/2686-89', '{{691903, 288151, 463522}, {250259, 290436, 405166}, {307561, 315015, 603041}, {140606, 676480, 654140}, {276216, 858262, 539700}, {779230, 261838, 419976}, {115891, 371994, 606909}, {747417, 624737, 318736}, {276609, 562297, 759290}, {505744, 769483, 429148}}', 'Sr. Guilherme Carvalho', 365858, to_date ('2004-09-25', 'YYYY-MM-DD') );
INSERT INTO atracao ( cnpjParque, poligono, nome, numero, dataFesta )
	VALUES ( '80.916.483/4461-56', '{{349572, 267258, 667766}, {450742, 211512, 844390}, {404688, 822183, 165590}, {434122, 364240, 586777}, {723536, 244951, 616244}, {281600, 389700, 180026}, {782448, 290185, 850359}, {382886, 705488, 108464}, {164741, 807958, 859098}, {399059, 690786, 217801}}', 'Sra. Alana Costa', 656616, to_date ('2005-06-08', 'YYYY-MM-DD') );
INSERT INTO atracao ( cnpjParque, poligono, nome, numero, dataFesta )
	VALUES ( '95.956.140/2002-74', '{{681153, 104346, 499330}, {335386, 333544, 838488}, {351702, 364009, 734513}, {383909, 592097, 651193}, {427503, 609914, 763945}, {849206, 893251, 602935}, {553656, 182139, 795640}, {151354, 841901, 310413}, {324565, 688023, 130543}, {618151, 184077, 770258}}', 'Maria Vitória FariasFernandes', 559805, to_date ('2014-02-03', 'YYYY-MM-DD') );
INSERT INTO atracao ( cnpjParque, poligono, nome, numero, dataFesta )
	VALUES ( '65.847.778/7623-41', '{{789235, 336222, 502817}, {859049, 290230, 220800}, {565203, 773228, 206415}, {523271, 415212, 142250}, {843550, 529040, 456363}, {639327, 464303, 342162}, {540707, 675752, 822007}, {295014, 378431, 727848}, {570250, 110471, 583669}, {347889, 435447, 739614}}', 'Leonardo FariasFernandes', 378290, to_date ('2013-08-23', 'YYYY-MM-DD') );
INSERT INTO atracao ( cnpjParque, poligono, nome, numero, dataFesta )
	VALUES ( '34.206.551/7005-77', '{{644620, 286003, 741308}, {321158, 387850, 583435}, {145882, 375217, 758378}, {143680, 466406, 738953}, {652327, 580498, 167850}, {768055, 404402, 458811}, {735008, 186962, 642765}, {307765, 573077, 166028}, {619249, 301560, 446411}, {188195, 657991, 894629}}', 'Vinicius Rezende', 237322, to_date ('2018-04-22', 'YYYY-MM-DD') );
INSERT INTO atracao ( cnpjParque, poligono, nome, numero, dataFesta )
	VALUES ( '80.916.483/4461-56', '{{207780, 420938, 873487}, {174125, 846010, 764311}, {390710, 340363, 752764}, {209589, 775751, 390009}, {360556, 212064, 758977}, {474156, 171691, 882542}, {864101, 701452, 792622}, {115293, 781985, 246174}, {561407, 178844, 259990}, {667405, 117074, 556900}}', 'Ana Júlia Santos', 616456, to_date ('2013-08-04', 'YYYY-MM-DD') );
INSERT INTO atracao ( cnpjParque, poligono, nome, numero, dataFesta )
	VALUES ( '63.638.904/0553-05', '{{107313, 202510, 554774}, {407441, 307983, 150374}, {230546, 788538, 355568}, {111534, 767057, 142165}, {686996, 324303, 562711}, {492779, 561757, 157572}, {569032, 468488, 628796}, {317777, 809067, 861992}, {794700, 241914, 572507}, {655245, 847969, 340504}}', 'Ana Vitória Nunes', 609196, to_date ('2010-05-16', 'YYYY-MM-DD') );
INSERT INTO atracao ( cnpjParque, poligono, nome, numero, dataFesta )
	VALUES ( '85.777.592/2686-89', '{{740451, 800498, 566161}, {332525, 783658, 745912}, {236126, 788709, 200798}, {215626, 313219, 738282}, {240288, 748310, 701360}, {114998, 317611, 786441}, {545389, 587313, 837563}, {766610, 439975, 271094}, {482252, 256373, 108025}, {719213, 426709, 182292}}', 'Gustavo Peixoto', 813499, to_date ('2004-09-25', 'YYYY-MM-DD') );
INSERT INTO atracao ( cnpjParque, poligono, nome, numero, dataFesta )
	VALUES ( '21.169.201/8498-85', '{{159296, 395829, 193231}, {791824, 711608, 551748}, {294970, 556603, 826833}, {371394, 346908, 162924}, {246490, 895356, 490132}, {592301, 310977, 879523}, {250276, 642922, 295650}, {249547, 597841, 492276}, {352388, 738334, 666275}, {224953, 422378, 775779}}', 'Ana Beatriz Rodrigues', 853455, to_date ('2011-08-10', 'YYYY-MM-DD') );
INSERT INTO atracao ( cnpjParque, poligono, nome, numero, dataFesta )
	VALUES ( '72.634.660/2830-75', '{{642547, 396269, 750015}, {620058, 613481, 604642}, {725673, 425065, 657920}, {392507, 596864, 686393}, {187439, 672570, 615715}, {498661, 459049, 192166}, {299006, 700098, 676339}, {632289, 259922, 614450}, {311420, 202835, 702417}, {181054, 151639, 523083}}', 'Bruna Monteiro', 444936, to_date ('2015-09-24', 'YYYY-MM-DD') );
INSERT INTO atracao ( cnpjParque, poligono, nome, numero, dataFesta )
	VALUES ( '65.847.778/7623-41', '{{447419, 619213, 859185}, {727991, 538015, 150917}, {426963, 229559, 221090}, {744438, 284601, 356789}, {613483, 452081, 779975}, {886859, 578784, 572092}, {589009, 575777, 543047}, {695151, 261370, 821059}, {327551, 541960, 897077}, {490616, 776673, 649582}}', 'Bianca Araújo', 887317, to_date ('2016-08-12', 'YYYY-MM-DD') );
INSERT INTO atracao ( cnpjParque, poligono, nome, numero, dataFesta )
	VALUES ( '09.880.825/1326-45', '{{389099, 480278, 895805}, {377228, 757892, 578712}, {265670, 625392, 269868}, {230585, 840011, 783506}, {842103, 399547, 594441}, {568896, 606727, 725057}, {761272, 779030, 567575}, {703743, 685221, 747431}, {863084, 550433, 574647}, {421054, 357869, 474392}}', 'Benjamin das Neves', 437557, to_date ('2013-05-21', 'YYYY-MM-DD') );
INSERT INTO atracao ( cnpjParque, poligono, nome, numero, dataFesta )
	VALUES ( '63.638.904/0553-05', '{{476211, 808683, 634348}, {577171, 725109, 853265}, {573316, 531111, 328280}, {630668, 416564, 377692}, {291646, 244993, 512610}, {629061, 339242, 435673}, {357520, 488338, 584621}, {564487, 132510, 303977}, {568943, 792085, 115547}, {239559, 264722, 522448}}', 'Alana Cunha', 315999, to_date ('2004-07-02', 'YYYY-MM-DD') );
INSERT INTO atracao ( cnpjParque, poligono, nome, numero, dataFesta )
	VALUES ( '65.847.778/7623-41', '{{320554, 292282, 378403}, {292375, 637654, 400765}, {527327, 430610, 417470}, {591041, 439735, 268900}, {581832, 859218, 499811}, {585761, 498626, 881353}, {436124, 214212, 528944}, {300633, 516346, 457090}, {684797, 483425, 475526}, {822178, 131119, 430474}}', 'Lorenzo Peixoto', 601548, to_date ('2016-08-19', 'YYYY-MM-DD') );

/* TABLE opParque */
INSERT INTO opParque ( cpfAssistente, cnpjParque, data, dataInicioParque, idCameraSecundaria, cpfOpCamera )
	VALUES ( '958.575.876-65', '63.638.904/0553-05', to_date ('2016-09-22', 'YYYY-MM-DD'), to_date ('2010-05-16', 'YYYY-MM-DD'), 30, '809.862.903-39' );
INSERT INTO opParque ( cpfAssistente, cnpjParque, data, dataInicioParque, idCameraSecundaria, cpfOpCamera )
	VALUES ( '614.850.626-02', '63.638.904/0553-05', to_date ('2018-06-30', 'YYYY-MM-DD'), to_date ('2010-05-16', 'YYYY-MM-DD'), 25, '003.273.572-61' );
INSERT INTO opParque ( cpfAssistente, cnpjParque, data, dataInicioParque, idCameraSecundaria, cpfOpCamera )
	VALUES ( '988.402.696-60', '72.634.660/2830-75', to_date ('2009-10-03', 'YYYY-MM-DD'), to_date ('2017-04-13', 'YYYY-MM-DD'), 13, '930.959.989-35' );
INSERT INTO opParque ( cpfAssistente, cnpjParque, data, dataInicioParque, idCameraSecundaria, cpfOpCamera )
	VALUES ( '941.284.044-81', '48.350.791/8216-23', to_date ('2010-09-24', 'YYYY-MM-DD'), to_date ('2013-08-29', 'YYYY-MM-DD'), 10, '343.535.420-47' );
INSERT INTO opParque ( cpfAssistente, cnpjParque, data, dataInicioParque, idCameraSecundaria, cpfOpCamera )
	VALUES ( '299.163.395-64', '09.880.825/1326-45', to_date ('2010-09-24', 'YYYY-MM-DD'), to_date ('2018-05-15', 'YYYY-MM-DD'), 28, '343.535.420-47' );
INSERT INTO opParque ( cpfAssistente, cnpjParque, data, dataInicioParque, idCameraSecundaria, cpfOpCamera )
	VALUES ( '845.346.471-14', '35.066.252/9095-42', to_date ('2017-03-17', 'YYYY-MM-DD'), to_date ('2005-04-25', 'YYYY-MM-DD'), 37, '895.342.722-81' );
INSERT INTO opParque ( cpfAssistente, cnpjParque, data, dataInicioParque, idCameraSecundaria, cpfOpCamera )
	VALUES ( '609.107.210-10', '80.916.483/4461-56', to_date ('2018-08-19', 'YYYY-MM-DD'), to_date ('2005-06-08', 'YYYY-MM-DD'), 16, '112.701.852-51' );
INSERT INTO opParque ( cpfAssistente, cnpjParque, data, dataInicioParque, idCameraSecundaria, cpfOpCamera )
	VALUES ( '845.346.471-14', '63.638.904/0553-05', to_date ('2003-07-04', 'YYYY-MM-DD'), to_date ('2010-05-16', 'YYYY-MM-DD'), 3, '230.908.062-22' );
INSERT INTO opParque ( cpfAssistente, cnpjParque, data, dataInicioParque, idCameraSecundaria, cpfOpCamera )
	VALUES ( '724.417.415-89', '01.875.850/5441-57', to_date ('2006-05-14', 'YYYY-MM-DD'), to_date ('2014-06-26', 'YYYY-MM-DD'), 21, '724.417.415-89' );
INSERT INTO opParque ( cpfAssistente, cnpjParque, data, dataInicioParque, idCameraSecundaria, cpfOpCamera )
	VALUES ( '513.693.425-00', '95.956.140/2002-74', to_date ('2000-01-11', 'YYYY-MM-DD'), to_date ('2016-04-10', 'YYYY-MM-DD'), 8, '513.693.425-00' );
INSERT INTO opParque ( cpfAssistente, cnpjParque, data, dataInicioParque, idCameraSecundaria, cpfOpCamera )
	VALUES ( '789.045.119-08', '84.214.771/8846-13', to_date ('2001-10-04', 'YYYY-MM-DD'), to_date ('2013-07-06', 'YYYY-MM-DD'), 33, '930.959.989-35' );
INSERT INTO opParque ( cpfAssistente, cnpjParque, data, dataInicioParque, idCameraSecundaria, cpfOpCamera )
	VALUES ( '809.862.903-39', '09.880.825/1326-45', to_date ('2008-01-06', 'YYYY-MM-DD'), to_date ('2017-05-19', 'YYYY-MM-DD'), 20, '035.906.129-91' );
INSERT INTO opParque ( cpfAssistente, cnpjParque, data, dataInicioParque, idCameraSecundaria, cpfOpCamera )
	VALUES ( '315.205.016-64', '67.543.801/6438-34', to_date ('2018-04-10', 'YYYY-MM-DD'), to_date ('2016-05-12', 'YYYY-MM-DD'), 15, '789.045.119-08' );
INSERT INTO opParque ( cpfAssistente, cnpjParque, data, dataInicioParque, idCameraSecundaria, cpfOpCamera )
	VALUES ( '378.394.255-68', '21.169.201/8498-85', to_date ('2008-01-06', 'YYYY-MM-DD'), to_date ('2016-02-17', 'YYYY-MM-DD'), 14, '035.906.129-91' );
INSERT INTO opParque ( cpfAssistente, cnpjParque, data, dataInicioParque, idCameraSecundaria, cpfOpCamera )
	VALUES ( '789.045.119-08', '85.777.592/2686-89', to_date ('2010-07-19', 'YYYY-MM-DD'), to_date ('2018-08-06', 'YYYY-MM-DD'), 26, '513.693.425-00' );
INSERT INTO opParque ( cpfAssistente, cnpjParque, data, dataInicioParque, idCameraSecundaria, cpfOpCamera )
	VALUES ( '988.402.696-60', '42.231.492/0864-83', to_date ('2012-11-25', 'YYYY-MM-DD'), to_date ('2008-06-08', 'YYYY-MM-DD'), 1, '988.402.696-60' );
INSERT INTO opParque ( cpfAssistente, cnpjParque, data, dataInicioParque, idCameraSecundaria, cpfOpCamera )
	VALUES ( '895.342.722-81', '97.716.226/4644-40', to_date ('2016-10-18', 'YYYY-MM-DD'), to_date ('2000-02-10', 'YYYY-MM-DD'), 31, '693.707.504-19' );
INSERT INTO opParque ( cpfAssistente, cnpjParque, data, dataInicioParque, idCameraSecundaria, cpfOpCamera )
	VALUES ( '230.908.062-22', '59.874.214/9099-10', to_date ('2000-01-11', 'YYYY-MM-DD'), to_date ('2008-07-28', 'YYYY-MM-DD'), 5, '513.693.425-00' );
INSERT INTO opParque ( cpfAssistente, cnpjParque, data, dataInicioParque, idCameraSecundaria, cpfOpCamera )
	VALUES ( '274.989.508-32', '82.584.680/9727-24', to_date ('2017-03-17', 'YYYY-MM-DD'), to_date ('2008-11-21', 'YYYY-MM-DD'), 27, '895.342.722-81' );
INSERT INTO opParque ( cpfAssistente, cnpjParque, data, dataInicioParque, idCameraSecundaria, cpfOpCamera )
	VALUES ( '284.960.370-77', '67.431.940/2061-77', to_date ('2004-03-04', 'YYYY-MM-DD'), to_date ('2011-02-08', 'YYYY-MM-DD'), 1, '367.062.323-68' );
INSERT INTO opParque ( cpfAssistente, cnpjParque, data, dataInicioParque, idCameraSecundaria, cpfOpCamera )
	VALUES ( '576.734.720-68', '59.874.214/9099-10', to_date ('2006-05-14', 'YYYY-MM-DD'), to_date ('2008-07-28', 'YYYY-MM-DD'), 7, '724.417.415-89' );
INSERT INTO opParque ( cpfAssistente, cnpjParque, data, dataInicioParque, idCameraSecundaria, cpfOpCamera )
	VALUES ( '035.906.129-91', '94.081.472/9235-55', to_date ('2015-01-02', 'YYYY-MM-DD'), to_date ('2009-02-22', 'YYYY-MM-DD'), 2, '598.219.001-03' );
INSERT INTO opParque ( cpfAssistente, cnpjParque, data, dataInicioParque, idCameraSecundaria, cpfOpCamera )
	VALUES ( '693.707.504-19', '63.638.904/0553-05', to_date ('2018-08-19', 'YYYY-MM-DD'), to_date ('2004-07-02', 'YYYY-MM-DD'), 23, '112.701.852-51' );
INSERT INTO opParque ( cpfAssistente, cnpjParque, data, dataInicioParque, idCameraSecundaria, cpfOpCamera )
	VALUES ( '930.959.989-35', '65.847.778/7623-41', to_date ('2001-06-06', 'YYYY-MM-DD'), to_date ('2016-08-12', 'YYYY-MM-DD'), 28, '849.052.639-96' );
INSERT INTO opParque ( cpfAssistente, cnpjParque, data, dataInicioParque, idCameraSecundaria, cpfOpCamera )
	VALUES ( '987.407.016-29', '72.634.660/2830-75', to_date ('2016-09-21', 'YYYY-MM-DD'), to_date ('2015-09-24', 'YYYY-MM-DD'), 34, '238.683.572-15' );
INSERT INTO opParque ( cpfAssistente, cnpjParque, data, dataInicioParque, idCameraSecundaria, cpfOpCamera )
	VALUES ( '904.573.852-23', '48.350.791/8216-23', to_date ('2004-04-02', 'YYYY-MM-DD'), to_date ('2013-08-29', 'YYYY-MM-DD'), 22, '895.342.722-81' );
INSERT INTO opParque ( cpfAssistente, cnpjParque, data, dataInicioParque, idCameraSecundaria, cpfOpCamera )
	VALUES ( '284.960.370-77', '01.875.850/5441-57', to_date ('2000-09-11', 'YYYY-MM-DD'), to_date ('2016-05-19', 'YYYY-MM-DD'), 18, '003.330.017-59' );
INSERT INTO opParque ( cpfAssistente, cnpjParque, data, dataInicioParque, idCameraSecundaria, cpfOpCamera )
	VALUES ( '849.052.639-96', '80.916.483/4461-56', to_date ('2007-01-27', 'YYYY-MM-DD'), to_date ('2013-08-04', 'YYYY-MM-DD'), 5, '941.284.044-81' );
INSERT INTO opParque ( cpfAssistente, cnpjParque, data, dataInicioParque, idCameraSecundaria, cpfOpCamera )
	VALUES ( '084.827.345-40', '63.638.904/0553-05', to_date ('2005-07-03', 'YYYY-MM-DD'), to_date ('2010-05-16', 'YYYY-MM-DD'), 40, '112.701.852-51' );
INSERT INTO opParque ( cpfAssistente, cnpjParque, data, dataInicioParque, idCameraSecundaria, cpfOpCamera )
	VALUES ( '598.219.001-03', '01.875.850/5441-57', to_date ('2018-03-28', 'YYYY-MM-DD'), to_date ('2014-06-26', 'YYYY-MM-DD'), 7, '299.163.395-64' );
INSERT INTO opParque ( cpfAssistente, cnpjParque, data, dataInicioParque, idCameraSecundaria, cpfOpCamera )
	VALUES ( '378.394.255-68', '57.190.080/6334-37', to_date ('2017-03-17', 'YYYY-MM-DD'), to_date ('2000-10-25', 'YYYY-MM-DD'), 9, '895.342.722-81' );
INSERT INTO opParque ( cpfAssistente, cnpjParque, data, dataInicioParque, idCameraSecundaria, cpfOpCamera )
	VALUES ( '496.918.280-41', '42.231.492/0864-83', to_date ('2018-04-10', 'YYYY-MM-DD'), to_date ('2008-06-08', 'YYYY-MM-DD'), 25, '789.045.119-08' );
INSERT INTO opParque ( cpfAssistente, cnpjParque, data, dataInicioParque, idCameraSecundaria, cpfOpCamera )
	VALUES ( '789.045.119-08', '65.847.778/7623-41', to_date ('2016-10-18', 'YYYY-MM-DD'), to_date ('2016-08-19', 'YYYY-MM-DD'), 34, '693.707.504-19' );
INSERT INTO opParque ( cpfAssistente, cnpjParque, data, dataInicioParque, idCameraSecundaria, cpfOpCamera )
	VALUES ( '343.535.420-47', '34.206.551/7005-77', to_date ('2002-09-02', 'YYYY-MM-DD'), to_date ('2018-04-22', 'YYYY-MM-DD'), 24, '866.030.365-26' );
INSERT INTO opParque ( cpfAssistente, cnpjParque, data, dataInicioParque, idCameraSecundaria, cpfOpCamera )
	VALUES ( '003.330.017-59', '09.880.825/1326-45', to_date ('2000-09-11', 'YYYY-MM-DD'), to_date ('2017-05-19', 'YYYY-MM-DD'), 3, '003.330.017-59' );
INSERT INTO opParque ( cpfAssistente, cnpjParque, data, dataInicioParque, idCameraSecundaria, cpfOpCamera )
	VALUES ( '513.693.425-00', '21.169.201/8498-85', to_date ('2007-01-27', 'YYYY-MM-DD'), to_date ('2011-08-10', 'YYYY-MM-DD'), 33, '941.284.044-81' );
INSERT INTO opParque ( cpfAssistente, cnpjParque, data, dataInicioParque, idCameraSecundaria, cpfOpCamera )
	VALUES ( '315.205.016-64', '42.231.492/0864-83', to_date ('2018-05-11', 'YYYY-MM-DD'), to_date ('2008-06-08', 'YYYY-MM-DD'), 19, '904.573.852-23' );
INSERT INTO opParque ( cpfAssistente, cnpjParque, data, dataInicioParque, idCameraSecundaria, cpfOpCamera )
	VALUES ( '284.960.370-77', '84.214.771/8846-13', to_date ('2010-07-19', 'YYYY-MM-DD'), to_date ('2002-08-23', 'YYYY-MM-DD'), 38, '513.693.425-00' );
INSERT INTO opParque ( cpfAssistente, cnpjParque, data, dataInicioParque, idCameraSecundaria, cpfOpCamera )
	VALUES ( '238.683.572-15', '75.799.605/0383-07', to_date ('2003-07-10', 'YYYY-MM-DD'), to_date ('2010-04-13', 'YYYY-MM-DD'), 33, '693.707.504-19' );
INSERT INTO opParque ( cpfAssistente, cnpjParque, data, dataInicioParque, idCameraSecundaria, cpfOpCamera )
	VALUES ( '513.693.425-00', '48.350.791/8216-23', to_date ('2012-03-28', 'YYYY-MM-DD'), to_date ('2013-08-29', 'YYYY-MM-DD'), 29, '941.284.044-81' );

/* TABLE pontoInstalacao */
INSERT INTO pontoInstalacao ( iluminacao, conectividade, contatoAgua, fonteAlimentacao, cnpjParque, descricao, coordenadas )
	VALUES ( 'BAIXA', 'Iure asperiores placeat ', FALSE, 'Ab magni quas. Quis quisquam al', '65.847.778/7623-41', 'Quibusdam nihil iure nemo iusto unde. Accusantium commodi ea ad earum veniam iste perferendis. Non reiciendis quaerat. Aliquid l', '{631075, 319814, 719848}' );
INSERT INTO pontoInstalacao ( iluminacao, conectividade, contatoAgua, fonteAlimentacao, cnpjParque, descricao, coordenadas )
	VALUES ( 'MEDIA', 'Distinctio magnam dis', TRUE, 'Consequatur pariatur ', '79.122.120/9116-33', 'Animi et odit tempora quam velit ratione. Assumenda quasi eius similique nemo recusandae rerum. Molestiae voluptatum quae laboru', '{114078, 378797, 851741}' );
INSERT INTO pontoInstalacao ( iluminacao, conectividade, contatoAgua, fonteAlimentacao, cnpjParque, descricao, coordenadas )
	VALUES ( 'MEDIA', 'Beatae quia deleniti cupidit', FALSE, 'Tempore sequi et iu', '42.231.492/0864-83', 'Magni aspernatur reiciendis totam. Corporis consequuntur nihil soluta accusamus alias soluta. Totam enim natus nobis et. Sed qui', '{869050, 684065, 776445}' );
INSERT INTO pontoInstalacao ( iluminacao, conectividade, contatoAgua, fonteAlimentacao, cnpjParque, descricao, coordenadas )
	VALUES ( 'MEDIA', 'Impedit consectetur quis ', TRUE, 'Ducimus sapiente neque. Provid', '59.874.214/9099-10', 'Culpa explicabo quasi magnam tempora ipsa distinctio. Minus qui id expedita odit quas. Optio quam omnis beatae voluptas voluptat', '{215565, 226891, 541952}' );
INSERT INTO pontoInstalacao ( iluminacao, conectividade, contatoAgua, fonteAlimentacao, cnpjParque, descricao, coordenadas )
	VALUES ( 'ALTA', 'In amet corporis id volupt', TRUE, 'Nulla consectetur arch', '90.274.616/6114-91', 'Vero eligendi numquam iure. Molestias consectetur ducimus nemo non sapiente eveniet. Magni adipisci corrupti molestiae occaecati', '{299570, 828445, 596499}' );
INSERT INTO pontoInstalacao ( iluminacao, conectividade, contatoAgua, fonteAlimentacao, cnpjParque, descricao, coordenadas )
	VALUES ( 'ALTA', 'Facere quisquam a', TRUE, 'Nisi ipsum quod ', '77.289.287/4398-15', 'Minus cumque corporis excepturi. Itaque vel ex quae. Totam vitae tempora nihil mollitia. Vitae molestias repellendus velit quis ', '{481941, 342637, 274702}' );
INSERT INTO pontoInstalacao ( iluminacao, conectividade, contatoAgua, fonteAlimentacao, cnpjParque, descricao, coordenadas )
	VALUES ( 'ALTA', 'Est quos quo eum. Opt', TRUE, 'Temporibus repelle', '79.122.120/9116-33', 'Veniam maiores quos et aspernatur. Voluptate totam voluptatibus debitis. Sed est commodi fugit sit.', '{136774, 199204, 860340}' );
INSERT INTO pontoInstalacao ( iluminacao, conectividade, contatoAgua, fonteAlimentacao, cnpjParque, descricao, coordenadas )
	VALUES ( 'ALTA', 'Quis a minima eius. Dolori', TRUE, 'Deleniti fugiat dicta m', '77.821.863/2184-10', 'Maxime corporis neque excepturi quas numquam. Voluptate non aperiam non vitae. Repudiandae inventore quia consectetur similique ', '{840634, 891977, 317495}' );
INSERT INTO pontoInstalacao ( iluminacao, conectividade, contatoAgua, fonteAlimentacao, cnpjParque, descricao, coordenadas )
	VALUES ( 'BAIXA', 'Consequuntur ea quidem f', FALSE, 'Dicta quibusdam assumenda e', '59.874.214/9099-10', 'Possimus incidunt natus omnis aut accusamus. Repellendus debitis voluptatum distinctio assumenda id.', '{423211, 883970, 848075}' );
INSERT INTO pontoInstalacao ( iluminacao, conectividade, contatoAgua, fonteAlimentacao, cnpjParque, descricao, coordenadas )
	VALUES ( 'ALTA', 'Sint illum suscipit con', FALSE, 'Iure voluptas ip', '15.273.790/8695-49', 'Exercitationem laudantium magni. Libero sed sequi nesciunt.', '{711068, 842953, 883109}' );
INSERT INTO pontoInstalacao ( iluminacao, conectividade, contatoAgua, fonteAlimentacao, cnpjParque, descricao, coordenadas )
	VALUES ( 'BAIXA', 'Vero ea repellat autem ma', FALSE, 'Totam harum exercitat', '05.331.102/3712-76', 'Saepe pariatur id impedit quidem sapiente. Assumenda quidem neque illo. Exercitationem a quidem.', '{392306, 521823, 302117}' );
INSERT INTO pontoInstalacao ( iluminacao, conectividade, contatoAgua, fonteAlimentacao, cnpjParque, descricao, coordenadas )
	VALUES ( 'ALTA', 'Hic exercitationem no', FALSE, 'Est blanditiis ev', '09.880.825/1326-45', 'Dolorem sit placeat ex laborum officia. Voluptate a omnis veritatis aperiam a illum. Optio aliquid delectus beatae dolore. Exped', '{675894, 680525, 371794}' );
INSERT INTO pontoInstalacao ( iluminacao, conectividade, contatoAgua, fonteAlimentacao, cnpjParque, descricao, coordenadas )
	VALUES ( 'ALTA', 'Culpa veniam exp', FALSE, 'Veritatis dolor itaque', '64.715.641/7509-67', 'Optio facere incidunt iusto ut at. Veniam nihil quos harum ipsum quibusdam. Sit maxime quos laboriosam facere consectetur volupt', '{424149, 687512, 836929}' );
INSERT INTO pontoInstalacao ( iluminacao, conectividade, contatoAgua, fonteAlimentacao, cnpjParque, descricao, coordenadas )
	VALUES ( 'ALTA', 'Aut in assumenda n', FALSE, 'Quam sit quam nulla. Ali', '64.715.641/7509-67', 'Incidunt voluptatem earum minus nihil perferendis. Libero at incidunt odio nulla. Itaque exercitationem officiis eos. Officiis e', '{676959, 611747, 527861}' );
INSERT INTO pontoInstalacao ( iluminacao, conectividade, contatoAgua, fonteAlimentacao, cnpjParque, descricao, coordenadas )
	VALUES ( 'ALTA', 'Placeat laudantium eaque ', TRUE, 'Repellat corrupti ', '35.066.252/9095-42', 'Aliquam placeat illo vitae repellendus eveniet repellendus. Voluptatibus laboriosam delectus consequuntur quia maxime beatae. Om', '{648575, 148154, 221622}' );
INSERT INTO pontoInstalacao ( iluminacao, conectividade, contatoAgua, fonteAlimentacao, cnpjParque, descricao, coordenadas )
	VALUES ( 'ALTA', 'Ipsa dicta consectetur', FALSE, 'Quae modi mollitia tenetur. Min', '65.847.778/7623-41', 'Praesentium dolore iusto maxime. Non harum sapiente error cum incidunt quidem. Possimus dicta deleniti asperiores. Blanditiis te', '{146350, 511861, 112954}' );
INSERT INTO pontoInstalacao ( iluminacao, conectividade, contatoAgua, fonteAlimentacao, cnpjParque, descricao, coordenadas )
	VALUES ( 'MEDIA', 'Vero possimus impedit v', FALSE, 'Quia in totam unde', '63.638.904/0553-05', 'Ad cumque placeat placeat iure. Occaecati iste voluptate non nam neque neque. Soluta tenetur ratione sunt. Repellat suscipit rec', '{855409, 789725, 369418}' );
INSERT INTO pontoInstalacao ( iluminacao, conectividade, contatoAgua, fonteAlimentacao, cnpjParque, descricao, coordenadas )
	VALUES ( 'BAIXA', 'Iure in iusto ea. Bla', FALSE, 'Ratione exercitationem blan', '90.274.616/6114-91', 'Quasi vel tenetur assumenda animi minus. Voluptates deleniti laudantium dolor in pariatur. Natus itaque dolorum esse voluptate t', '{336909, 249850, 202788}' );
INSERT INTO pontoInstalacao ( iluminacao, conectividade, contatoAgua, fonteAlimentacao, cnpjParque, descricao, coordenadas )
	VALUES ( 'ALTA', 'Voluptas dignissimos ten', FALSE, 'Amet aspernatur aut a accusanti', '77.821.863/2184-10', 'Optio maiores debitis corporis provident similique repellat inventore. Qui amet numquam deserunt.', '{535648, 594851, 223026}' );
INSERT INTO pontoInstalacao ( iluminacao, conectividade, contatoAgua, fonteAlimentacao, cnpjParque, descricao, coordenadas )
	VALUES ( 'ALTA', 'Nemo incidunt corporis', TRUE, 'Rem quasi voluptates sequi ', '72.634.660/2830-75', 'Repellendus suscipit iure expedita iure voluptates ut. Libero suscipit temporibus. Accusantium odit nulla aspernatur.', '{820259, 185455, 288073}' );
INSERT INTO pontoInstalacao ( iluminacao, conectividade, contatoAgua, fonteAlimentacao, cnpjParque, descricao, coordenadas )
	VALUES ( 'MEDIA', 'Neque laudantium fugiat nulla.', FALSE, 'Sequi laborum ut d', '35.066.252/9095-42', 'Autem esse quasi quae fuga dicta. Dolor impedit ipsam nam. Iste facere unde deleniti sapiente ea. Tempora blanditiis cumque unde', '{308400, 142126, 316345}' );
INSERT INTO pontoInstalacao ( iluminacao, conectividade, contatoAgua, fonteAlimentacao, cnpjParque, descricao, coordenadas )
	VALUES ( 'ALTA', 'Hic quasi repellat ut m', FALSE, 'Molestiae reiciendis at t', '94.081.472/9235-55', 'Ratione cum fugiat error voluptates non ullam quo. Natus molestiae consequuntur. Laborum iure itaque ipsa eligendi.', '{888798, 569777, 594029}' );
INSERT INTO pontoInstalacao ( iluminacao, conectividade, contatoAgua, fonteAlimentacao, cnpjParque, descricao, coordenadas )
	VALUES ( 'ALTA', 'Optio debitis dolo', FALSE, 'Facere deleniti a', '58.825.759/5797-17', 'Iste qui quo. Qui vero quos ipsam eius magnam fuga. Occaecati quisquam laudantium. Placeat explicabo dolore commodi alias magnam', '{170457, 402128, 637692}' );
INSERT INTO pontoInstalacao ( iluminacao, conectividade, contatoAgua, fonteAlimentacao, cnpjParque, descricao, coordenadas )
	VALUES ( 'BAIXA', 'Molestias cumque distinctio ', FALSE, 'Omnis tempore distinctio ', '12.351.738/4412-15', 'Deserunt fugit ipsum atque neque. Consequuntur nihil aliquam est alias mollitia. Ducimus deleniti eaque iusto. Accusantium earum', '{885373, 506120, 254636}' );
INSERT INTO pontoInstalacao ( iluminacao, conectividade, contatoAgua, fonteAlimentacao, cnpjParque, descricao, coordenadas )
	VALUES ( 'MEDIA', 'Blanditiis necessitatibus', TRUE, 'Eveniet enim sapie', '77.821.863/2184-10', 'Cum totam ducimus. Animi odit enim et labore accusantium dignissimos. Dolorem facilis natus ipsam. Maiores atque dolores debitis', '{103514, 599485, 325235}' );
INSERT INTO pontoInstalacao ( iluminacao, conectividade, contatoAgua, fonteAlimentacao, cnpjParque, descricao, coordenadas )
	VALUES ( 'BAIXA', 'Laudantium ipsum i', FALSE, 'Incidunt consequunt', '82.584.680/9727-24', 'Veritatis quasi laudantium ullam placeat libero voluptatibus. Debitis tempora vitae praesentium id necessitatibus.', '{727452, 790273, 399558}' );
INSERT INTO pontoInstalacao ( iluminacao, conectividade, contatoAgua, fonteAlimentacao, cnpjParque, descricao, coordenadas )
	VALUES ( 'BAIXA', 'Dignissimos dolore quos ipsum ', FALSE, 'Velit ducimus delectus am', '59.874.214/9099-10', 'Excepturi sapiente possimus alias doloremque consequuntur. Necessitatibus ex quasi veritatis rem vitae dolore. Nisi sint enim. N', '{256867, 484732, 113225}' );
INSERT INTO pontoInstalacao ( iluminacao, conectividade, contatoAgua, fonteAlimentacao, cnpjParque, descricao, coordenadas )
	VALUES ( 'MEDIA', 'Quas nemo occaeca', TRUE, 'Autem et ut nece', '59.874.214/9099-10', 'Praesentium ducimus excepturi rerum maxime ipsum velit accusantium. Odio doloribus quam iure sint cum. Nulla veritatis repellat ', '{861961, 228831, 829136}' );
INSERT INTO pontoInstalacao ( iluminacao, conectividade, contatoAgua, fonteAlimentacao, cnpjParque, descricao, coordenadas )
	VALUES ( 'MEDIA', 'Assumenda vero recusandae li', FALSE, 'Praesentium neque ', '67.431.940/2061-77', 'Earum quasi quisquam voluptatum. Quibusdam molestias quasi quam nam temporibus labore ad. Adipisci vel ex distinctio suscipit. R', '{722540, 321770, 445339}' );
INSERT INTO pontoInstalacao ( iluminacao, conectividade, contatoAgua, fonteAlimentacao, cnpjParque, descricao, coordenadas )
	VALUES ( 'BAIXA', 'Minus exercitatio', TRUE, 'Consectetur fugi', '22.786.245/9593-05', 'Quae laboriosam mollitia laudantium. Numquam veniam ea sunt occaecati dolor possimus. Odio deserunt iure illum laudantium.', '{814131, 411587, 163125}' );
INSERT INTO pontoInstalacao ( iluminacao, conectividade, contatoAgua, fonteAlimentacao, cnpjParque, descricao, coordenadas )
	VALUES ( 'BAIXA', 'Aliquam amet odit aliq', FALSE, 'Laboriosam simil', '93.317.506/7481-97', 'Odit qui unde perferendis nam ut. Maxime quo ad iste possimus ducimus. Error dolore itaque harum delectus laboriosam. Ipsam poss', '{372619, 848889, 484029}' );
INSERT INTO pontoInstalacao ( iluminacao, conectividade, contatoAgua, fonteAlimentacao, cnpjParque, descricao, coordenadas )
	VALUES ( 'MEDIA', 'Dicta aperiam ea', TRUE, 'Architecto aliquid s', '05.331.102/3712-76', 'Veniam exercitationem totam. Debitis reprehenderit eaque laborum. Officia quaerat animi vitae adipisci animi enim reiciendis. Vo', '{387076, 374199, 193298}' );
INSERT INTO pontoInstalacao ( iluminacao, conectividade, contatoAgua, fonteAlimentacao, cnpjParque, descricao, coordenadas )
	VALUES ( 'BAIXA', 'Atque facere fugit maxime su', FALSE, 'Aliquid deleniti cumque i', '48.350.791/8216-23', 'Eos praesentium pariatur a vero alias. Ipsam magni itaque libero. Perferendis hic aspernatur aperiam in repellendus unde volupta', '{689820, 348857, 844753}' );
INSERT INTO pontoInstalacao ( iluminacao, conectividade, contatoAgua, fonteAlimentacao, cnpjParque, descricao, coordenadas )
	VALUES ( 'ALTA', 'Temporibus cupid', TRUE, 'Dolorum quas quod quae ex. ', '84.214.771/8846-13', 'Fugit placeat accusamus quia. Minima vel ut alias suscipit voluptatum nam.', '{645274, 255605, 306926}' );
INSERT INTO pontoInstalacao ( iluminacao, conectividade, contatoAgua, fonteAlimentacao, cnpjParque, descricao, coordenadas )
	VALUES ( 'MEDIA', 'Aliquid quod nemo eveniet ', FALSE, 'Quo fuga aperiam repudiandae', '93.317.506/7481-97', 'Libero doloribus placeat quidem vel in saepe reprehenderit. Harum error rerum quidem assumenda veniam reiciendis corrupti.', '{124472, 432434, 306700}' );
INSERT INTO pontoInstalacao ( iluminacao, conectividade, contatoAgua, fonteAlimentacao, cnpjParque, descricao, coordenadas )
	VALUES ( 'BAIXA', 'Odit inventore molesti', TRUE, 'Delectus excepturi earum', '12.351.738/4412-15', 'Ipsum hic provident molestias laboriosam dolorum maxime. Enim eligendi deserunt quod itaque eius.', '{263443, 152754, 385082}' );
INSERT INTO pontoInstalacao ( iluminacao, conectividade, contatoAgua, fonteAlimentacao, cnpjParque, descricao, coordenadas )
	VALUES ( 'BAIXA', 'Maxime sapiente volu', FALSE, 'Dolore voluptates aspe', '15.273.790/8695-49', 'Doloremque veritatis a est eos fuga voluptate necessitatibus. Officiis nulla aliquid sunt quisquam id. Voluptatibus tenetur laud', '{445239, 586460, 824835}' );
INSERT INTO pontoInstalacao ( iluminacao, conectividade, contatoAgua, fonteAlimentacao, cnpjParque, descricao, coordenadas )
	VALUES ( 'ALTA', 'Praesentium corrupti of', TRUE, 'Fugit non cum ab', '63.638.904/0553-05', 'Hic libero laborum quo quas amet. Veniam tenetur repellendus quis. Laborum odio ipsa mollitia error.', '{140850, 834050, 287023}' );
INSERT INTO pontoInstalacao ( iluminacao, conectividade, contatoAgua, fonteAlimentacao, cnpjParque, descricao, coordenadas )
	VALUES ( 'ALTA', 'Reiciendis sint p', TRUE, 'Assumenda quae delectus recu', '95.956.140/2002-74', 'Assumenda nobis magni. Suscipit provident pariatur labore maiores dolorem hic voluptatibus. Exercitationem voluptatem minus erro', '{358906, 747820, 347202}' );
INSERT INTO pontoInstalacao ( iluminacao, conectividade, contatoAgua, fonteAlimentacao, cnpjParque, descricao, coordenadas )
	VALUES ( 'ALTA', 'Nostrum asperiores itaque', TRUE, 'Nostrum voluptatibus placeat ma', '05.331.102/3712-76', 'Asperiores commodi libero perspiciatis sunt perferendis qui. Eum laborum omnis alias iusto amet quas a. Expedita accusantium opt', '{261931, 610956, 269581}' );
/* NULL INSERTION FOR ATTRIBUTE iluminacao AT TABLE pontoInstalacao  */
 INSERT INTO pontoInstalacao ( iluminacao, conectividade, contatoAgua, fonteAlimentacao, cnpjParque, descricao, coordenadas )
	VALUES ( NULL, 'Totam fugiat enim ', TRUE, 'Suscipit corporis neq', '72.634.660/2830-75', 'Modi perspiciatis deleniti magni sed soluta repellat. Iure inventore nemo similique omnis ducimus accusantium.', '{816974, 143672, 113957}' );
/* NULL INSERTION FOR ATTRIBUTE conectividade AT TABLE pontoInstalacao  */
 INSERT INTO pontoInstalacao ( iluminacao, conectividade, contatoAgua, fonteAlimentacao, cnpjParque, descricao, coordenadas )
	VALUES ( 'MEDIA', NULL, TRUE, 'Culpa esse fugiat pe', '77.400.108/6948-74', 'Nesciunt modi dolores ratione neque amet nemo. Nesciunt pariatur odio expedita sapiente. Voluptas non doloribus ex architecto qu', '{278373, 685616, 489062}' );
/* NULL INSERTION FOR ATTRIBUTE contatoAgua AT TABLE pontoInstalacao  */
 INSERT INTO pontoInstalacao ( iluminacao, conectividade, contatoAgua, fonteAlimentacao, cnpjParque, descricao, coordenadas )
	VALUES ( 'ALTA', 'Voluptatibus simili', NULL, 'Magnam ex nam imp', '67.543.801/6438-34', 'Dolore ipsa quasi quos tempora provident libero. Expedita doloribus ab doloribus enim porro veniam eos.', '{795228, 770257, 643577}' );
/* NULL INSERTION FOR ATTRIBUTE fonteAlimentacao AT TABLE pontoInstalacao  */
 INSERT INTO pontoInstalacao ( iluminacao, conectividade, contatoAgua, fonteAlimentacao, cnpjParque, descricao, coordenadas )
	VALUES ( 'MEDIA', 'Animi voluptate et a nam. Ut', TRUE, NULL, '59.874.214/9099-10', 'Totam nam ex facilis animi atque. Perferendis facere autem porro incidunt quisquam. Doloribus iste amet molestiae voluptatibus p', '{857138, 411499, 342060}' );
/* NULL INSERTION FOR ATTRIBUTE descricao AT TABLE pontoInstalacao  */
 INSERT INTO pontoInstalacao ( iluminacao, conectividade, contatoAgua, fonteAlimentacao, cnpjParque, descricao, coordenadas )
	VALUES ( 'MEDIA', 'Optio deleniti inventore ', FALSE, 'Quod illum similique dolore non', '84.934.547/9938-12', NULL, '{172758, 500661, 214720}' );

/* TABLE pontoCamera */
INSERT INTO pontoCamera ( data, cnpjParque, idCamera, quantidade, coordenadas )
	VALUES ( to_date ('2011-08-08', 'YYYY-MM-DD'), '64.715.641/7509-67', 21, 820937, '{424149, 687512, 836929}' );
INSERT INTO pontoCamera ( data, cnpjParque, idCamera, quantidade, coordenadas )
	VALUES ( to_date ('2012-07-15', 'YYYY-MM-DD'), '93.317.506/7481-97', 9, 494169, '{372619, 848889, 484029}' );
INSERT INTO pontoCamera ( data, cnpjParque, idCamera, quantidade, coordenadas )
	VALUES ( to_date ('2008-04-09', 'YYYY-MM-DD'), '79.122.120/9116-33', 5, 203990, '{114078, 378797, 851741}' );
INSERT INTO pontoCamera ( data, cnpjParque, idCamera, quantidade, coordenadas )
	VALUES ( to_date ('2018-08-10', 'YYYY-MM-DD'), '05.331.102/3712-76', 9, 263430, '{261931, 610956, 269581}' );
INSERT INTO pontoCamera ( data, cnpjParque, idCamera, quantidade, coordenadas )
	VALUES ( to_date ('2003-05-09', 'YYYY-MM-DD'), '05.331.102/3712-76', 24, 206354, '{261931, 610956, 269581}' );
INSERT INTO pontoCamera ( data, cnpjParque, idCamera, quantidade, coordenadas )
	VALUES ( to_date ('2014-01-26', 'YYYY-MM-DD'), '93.317.506/7481-97', 26, 875199, '{124472, 432434, 306700}' );
INSERT INTO pontoCamera ( data, cnpjParque, idCamera, quantidade, coordenadas )
	VALUES ( to_date ('2005-11-26', 'YYYY-MM-DD'), '59.874.214/9099-10', 8, 561895, '{256867, 484732, 113225}' );
INSERT INTO pontoCamera ( data, cnpjParque, idCamera, quantidade, coordenadas )
	VALUES ( to_date ('2018-06-11', 'YYYY-MM-DD'), '84.214.771/8846-13', 25, 142928, '{645274, 255605, 306926}' );
INSERT INTO pontoCamera ( data, cnpjParque, idCamera, quantidade, coordenadas )
	VALUES ( to_date ('2018-10-02', 'YYYY-MM-DD'), '93.317.506/7481-97', 14, 662623, '{124472, 432434, 306700}' );
INSERT INTO pontoCamera ( data, cnpjParque, idCamera, quantidade, coordenadas )
	VALUES ( to_date ('2015-07-17', 'YYYY-MM-DD'), '05.331.102/3712-76', 39, 880336, '{261931, 610956, 269581}' );
INSERT INTO pontoCamera ( data, cnpjParque, idCamera, quantidade, coordenadas )
	VALUES ( to_date ('2013-01-11', 'YYYY-MM-DD'), '12.351.738/4412-15', 19, 268847, '{885373, 506120, 254636}' );
INSERT INTO pontoCamera ( data, cnpjParque, idCamera, quantidade, coordenadas )
	VALUES ( to_date ('2007-02-27', 'YYYY-MM-DD'), '77.821.863/2184-10', 36, 683053, '{535648, 594851, 223026}' );
INSERT INTO pontoCamera ( data, cnpjParque, idCamera, quantidade, coordenadas )
	VALUES ( to_date ('2017-09-29', 'YYYY-MM-DD'), '35.066.252/9095-42', 30, 332406, '{308400, 142126, 316345}' );
INSERT INTO pontoCamera ( data, cnpjParque, idCamera, quantidade, coordenadas )
	VALUES ( to_date ('2012-01-20', 'YYYY-MM-DD'), '79.122.120/9116-33', 29, 213759, '{114078, 378797, 851741}' );
INSERT INTO pontoCamera ( data, cnpjParque, idCamera, quantidade, coordenadas )
	VALUES ( to_date ('2002-05-26', 'YYYY-MM-DD'), '93.317.506/7481-97', 7, 204850, '{372619, 848889, 484029}' );
INSERT INTO pontoCamera ( data, cnpjParque, idCamera, quantidade, coordenadas )
	VALUES ( to_date ('2014-05-01', 'YYYY-MM-DD'), '65.847.778/7623-41', 16, 679412, '{631075, 319814, 719848}' );
INSERT INTO pontoCamera ( data, cnpjParque, idCamera, quantidade, coordenadas )
	VALUES ( to_date ('2002-09-15', 'YYYY-MM-DD'), '77.821.863/2184-10', 20, 179089, '{840634, 891977, 317495}' );
INSERT INTO pontoCamera ( data, cnpjParque, idCamera, quantidade, coordenadas )
	VALUES ( to_date ('2006-04-13', 'YYYY-MM-DD'), '63.638.904/0553-05', 12, 512560, '{140850, 834050, 287023}' );
INSERT INTO pontoCamera ( data, cnpjParque, idCamera, quantidade, coordenadas )
	VALUES ( to_date ('2011-06-10', 'YYYY-MM-DD'), '48.350.791/8216-23', 40, 745129, '{689820, 348857, 844753}' );
INSERT INTO pontoCamera ( data, cnpjParque, idCamera, quantidade, coordenadas )
	VALUES ( to_date ('2009-10-29', 'YYYY-MM-DD'), '15.273.790/8695-49', 35, 601678, '{711068, 842953, 883109}' );
INSERT INTO pontoCamera ( data, cnpjParque, idCamera, quantidade, coordenadas )
	VALUES ( to_date ('2016-04-26', 'YYYY-MM-DD'), '90.274.616/6114-91', 13, 740708, '{336909, 249850, 202788}' );
INSERT INTO pontoCamera ( data, cnpjParque, idCamera, quantidade, coordenadas )
	VALUES ( to_date ('2000-04-19', 'YYYY-MM-DD'), '77.821.863/2184-10', 21, 701604, '{103514, 599485, 325235}' );
INSERT INTO pontoCamera ( data, cnpjParque, idCamera, quantidade, coordenadas )
	VALUES ( to_date ('2012-05-10', 'YYYY-MM-DD'), '42.231.492/0864-83', 7, 277286, '{869050, 684065, 776445}' );
INSERT INTO pontoCamera ( data, cnpjParque, idCamera, quantidade, coordenadas )
	VALUES ( to_date ('2012-02-05', 'YYYY-MM-DD'), '79.122.120/9116-33', 36, 470645, '{114078, 378797, 851741}' );
INSERT INTO pontoCamera ( data, cnpjParque, idCamera, quantidade, coordenadas )
	VALUES ( to_date ('2013-10-12', 'YYYY-MM-DD'), '22.786.245/9593-05', 39, 690627, '{814131, 411587, 163125}' );
INSERT INTO pontoCamera ( data, cnpjParque, idCamera, quantidade, coordenadas )
	VALUES ( to_date ('2012-07-19', 'YYYY-MM-DD'), '12.351.738/4412-15', 38, 378325, '{885373, 506120, 254636}' );
INSERT INTO pontoCamera ( data, cnpjParque, idCamera, quantidade, coordenadas )
	VALUES ( to_date ('2008-09-16', 'YYYY-MM-DD'), '42.231.492/0864-83', 21, 623126, '{869050, 684065, 776445}' );
INSERT INTO pontoCamera ( data, cnpjParque, idCamera, quantidade, coordenadas )
	VALUES ( to_date ('2002-06-02', 'YYYY-MM-DD'), '15.273.790/8695-49', 2, 254521, '{711068, 842953, 883109}' );
INSERT INTO pontoCamera ( data, cnpjParque, idCamera, quantidade, coordenadas )
	VALUES ( to_date ('2013-11-10', 'YYYY-MM-DD'), '05.331.102/3712-76', 34, 241988, '{392306, 521823, 302117}' );
INSERT INTO pontoCamera ( data, cnpjParque, idCamera, quantidade, coordenadas )
	VALUES ( to_date ('2000-10-10', 'YYYY-MM-DD'), '90.274.616/6114-91', 1, 282162, '{299570, 828445, 596499}' );
INSERT INTO pontoCamera ( data, cnpjParque, idCamera, quantidade, coordenadas )
	VALUES ( to_date ('2015-06-22', 'YYYY-MM-DD'), '79.122.120/9116-33', 13, 715258, '{114078, 378797, 851741}' );
INSERT INTO pontoCamera ( data, cnpjParque, idCamera, quantidade, coordenadas )
	VALUES ( to_date ('2005-05-12', 'YYYY-MM-DD'), '58.825.759/5797-17', 29, 481535, '{170457, 402128, 637692}' );
INSERT INTO pontoCamera ( data, cnpjParque, idCamera, quantidade, coordenadas )
	VALUES ( to_date ('2010-03-21', 'YYYY-MM-DD'), '79.122.120/9116-33', 37, 474080, '{114078, 378797, 851741}' );
INSERT INTO pontoCamera ( data, cnpjParque, idCamera, quantidade, coordenadas )
	VALUES ( to_date ('2009-06-14', 'YYYY-MM-DD'), '15.273.790/8695-49', 28, 848194, '{711068, 842953, 883109}' );
INSERT INTO pontoCamera ( data, cnpjParque, idCamera, quantidade, coordenadas )
	VALUES ( to_date ('2011-05-09', 'YYYY-MM-DD'), '42.231.492/0864-83', 25, 296936, '{869050, 684065, 776445}' );
INSERT INTO pontoCamera ( data, cnpjParque, idCamera, quantidade, coordenadas )
	VALUES ( to_date ('2011-08-07', 'YYYY-MM-DD'), '90.274.616/6114-91', 7, 284813, '{336909, 249850, 202788}' );
INSERT INTO pontoCamera ( data, cnpjParque, idCamera, quantidade, coordenadas )
	VALUES ( to_date ('2016-01-05', 'YYYY-MM-DD'), '67.431.940/2061-77', 31, 250203, '{722540, 321770, 445339}' );
INSERT INTO pontoCamera ( data, cnpjParque, idCamera, quantidade, coordenadas )
	VALUES ( to_date ('2005-11-08', 'YYYY-MM-DD'), '65.847.778/7623-41', 24, 487013, '{146350, 511861, 112954}' );
INSERT INTO pontoCamera ( data, cnpjParque, idCamera, quantidade, coordenadas )
	VALUES ( to_date ('2003-10-02', 'YYYY-MM-DD'), '79.122.120/9116-33', 29, 558150, '{114078, 378797, 851741}' );
INSERT INTO pontoCamera ( data, cnpjParque, idCamera, quantidade, coordenadas )
	VALUES ( to_date ('2007-02-04', 'YYYY-MM-DD'), '65.847.778/7623-41', 12, 878422, '{631075, 319814, 719848}' );

/* TABLE pontoEstrutura */
INSERT INTO pontoEstrutura ( data, cnpjParque, idEstruturacao, quantidade, coordenadas )
	VALUES ( to_date ('2017-11-21', 'YYYY-MM-DD'), '72.634.660/2830-75', 34, 545319, '{820259, 185455, 288073}' );
INSERT INTO pontoEstrutura ( data, cnpjParque, idEstruturacao, quantidade, coordenadas )
	VALUES ( to_date ('2013-07-12', 'YYYY-MM-DD'), '22.786.245/9593-05', 25, 883184, '{814131, 411587, 163125}' );
INSERT INTO pontoEstrutura ( data, cnpjParque, idEstruturacao, quantidade, coordenadas )
	VALUES ( to_date ('2015-08-02', 'YYYY-MM-DD'), '93.317.506/7481-97', 24, 631748, '{372619, 848889, 484029}' );
INSERT INTO pontoEstrutura ( data, cnpjParque, idEstruturacao, quantidade, coordenadas )
	VALUES ( to_date ('2013-08-09', 'YYYY-MM-DD'), '77.821.863/2184-10', 22, 161063, '{840634, 891977, 317495}' );
INSERT INTO pontoEstrutura ( data, cnpjParque, idEstruturacao, quantidade, coordenadas )
	VALUES ( to_date ('2017-05-20', 'YYYY-MM-DD'), '93.317.506/7481-97', 38, 472780, '{124472, 432434, 306700}' );
INSERT INTO pontoEstrutura ( data, cnpjParque, idEstruturacao, quantidade, coordenadas )
	VALUES ( to_date ('2018-10-03', 'YYYY-MM-DD'), '58.825.759/5797-17', 14, 517484, '{170457, 402128, 637692}' );
INSERT INTO pontoEstrutura ( data, cnpjParque, idEstruturacao, quantidade, coordenadas )
	VALUES ( to_date ('2005-01-08', 'YYYY-MM-DD'), '22.786.245/9593-05', 28, 610482, '{814131, 411587, 163125}' );
INSERT INTO pontoEstrutura ( data, cnpjParque, idEstruturacao, quantidade, coordenadas )
	VALUES ( to_date ('2018-09-03', 'YYYY-MM-DD'), '77.289.287/4398-15', 31, 583709, '{481941, 342637, 274702}' );
INSERT INTO pontoEstrutura ( data, cnpjParque, idEstruturacao, quantidade, coordenadas )
	VALUES ( to_date ('2000-01-28', 'YYYY-MM-DD'), '59.874.214/9099-10', 8, 855880, '{256867, 484732, 113225}' );
INSERT INTO pontoEstrutura ( data, cnpjParque, idEstruturacao, quantidade, coordenadas )
	VALUES ( to_date ('2002-03-25', 'YYYY-MM-DD'), '58.825.759/5797-17', 4, 840673, '{170457, 402128, 637692}' );
INSERT INTO pontoEstrutura ( data, cnpjParque, idEstruturacao, quantidade, coordenadas )
	VALUES ( to_date ('2012-02-08', 'YYYY-MM-DD'), '63.638.904/0553-05', 12, 591038, '{855409, 789725, 369418}' );
INSERT INTO pontoEstrutura ( data, cnpjParque, idEstruturacao, quantidade, coordenadas )
	VALUES ( to_date ('2002-04-08', 'YYYY-MM-DD'), '95.956.140/2002-74', 15, 677279, '{358906, 747820, 347202}' );
INSERT INTO pontoEstrutura ( data, cnpjParque, idEstruturacao, quantidade, coordenadas )
	VALUES ( to_date ('2001-08-29', 'YYYY-MM-DD'), '09.880.825/1326-45', 26, 790389, '{675894, 680525, 371794}' );
INSERT INTO pontoEstrutura ( data, cnpjParque, idEstruturacao, quantidade, coordenadas )
	VALUES ( to_date ('2003-06-08', 'YYYY-MM-DD'), '77.821.863/2184-10', 9, 225713, '{840634, 891977, 317495}' );
INSERT INTO pontoEstrutura ( data, cnpjParque, idEstruturacao, quantidade, coordenadas )
	VALUES ( to_date ('2008-05-22', 'YYYY-MM-DD'), '77.821.863/2184-10', 35, 524669, '{535648, 594851, 223026}' );
INSERT INTO pontoEstrutura ( data, cnpjParque, idEstruturacao, quantidade, coordenadas )
	VALUES ( to_date ('2009-01-20', 'YYYY-MM-DD'), '05.331.102/3712-76', 22, 873814, '{387076, 374199, 193298}' );
INSERT INTO pontoEstrutura ( data, cnpjParque, idEstruturacao, quantidade, coordenadas )
	VALUES ( to_date ('2012-11-24', 'YYYY-MM-DD'), '63.638.904/0553-05', 22, 886701, '{140850, 834050, 287023}' );
INSERT INTO pontoEstrutura ( data, cnpjParque, idEstruturacao, quantidade, coordenadas )
	VALUES ( to_date ('2010-07-24', 'YYYY-MM-DD'), '95.956.140/2002-74', 24, 287997, '{358906, 747820, 347202}' );
INSERT INTO pontoEstrutura ( data, cnpjParque, idEstruturacao, quantidade, coordenadas )
	VALUES ( to_date ('2011-05-26', 'YYYY-MM-DD'), '65.847.778/7623-41', 24, 735695, '{631075, 319814, 719848}' );
INSERT INTO pontoEstrutura ( data, cnpjParque, idEstruturacao, quantidade, coordenadas )
	VALUES ( to_date ('2016-02-13', 'YYYY-MM-DD'), '65.847.778/7623-41', 12, 266655, '{146350, 511861, 112954}' );
INSERT INTO pontoEstrutura ( data, cnpjParque, idEstruturacao, quantidade, coordenadas )
	VALUES ( to_date ('2011-06-17', 'YYYY-MM-DD'), '93.317.506/7481-97', 13, 890352, '{372619, 848889, 484029}' );
INSERT INTO pontoEstrutura ( data, cnpjParque, idEstruturacao, quantidade, coordenadas )
	VALUES ( to_date ('2013-10-27', 'YYYY-MM-DD'), '42.231.492/0864-83', 7, 796227, '{869050, 684065, 776445}' );
INSERT INTO pontoEstrutura ( data, cnpjParque, idEstruturacao, quantidade, coordenadas )
	VALUES ( to_date ('2006-08-25', 'YYYY-MM-DD'), '59.874.214/9099-10', 24, 472574, '{423211, 883970, 848075}' );
INSERT INTO pontoEstrutura ( data, cnpjParque, idEstruturacao, quantidade, coordenadas )
	VALUES ( to_date ('2010-11-19', 'YYYY-MM-DD'), '77.289.287/4398-15', 15, 113230, '{481941, 342637, 274702}' );
INSERT INTO pontoEstrutura ( data, cnpjParque, idEstruturacao, quantidade, coordenadas )
	VALUES ( to_date ('2014-04-02', 'YYYY-MM-DD'), '95.956.140/2002-74', 21, 444584, '{358906, 747820, 347202}' );
INSERT INTO pontoEstrutura ( data, cnpjParque, idEstruturacao, quantidade, coordenadas )
	VALUES ( to_date ('2009-07-09', 'YYYY-MM-DD'), '35.066.252/9095-42', 32, 240000, '{308400, 142126, 316345}' );
INSERT INTO pontoEstrutura ( data, cnpjParque, idEstruturacao, quantidade, coordenadas )
	VALUES ( to_date ('2004-03-15', 'YYYY-MM-DD'), '59.874.214/9099-10', 6, 501163, '{423211, 883970, 848075}' );
INSERT INTO pontoEstrutura ( data, cnpjParque, idEstruturacao, quantidade, coordenadas )
	VALUES ( to_date ('2018-07-12', 'YYYY-MM-DD'), '93.317.506/7481-97', 4, 814682, '{124472, 432434, 306700}' );
INSERT INTO pontoEstrutura ( data, cnpjParque, idEstruturacao, quantidade, coordenadas )
	VALUES ( to_date ('2015-11-05', 'YYYY-MM-DD'), '90.274.616/6114-91', 1, 503815, '{299570, 828445, 596499}' );
INSERT INTO pontoEstrutura ( data, cnpjParque, idEstruturacao, quantidade, coordenadas )
	VALUES ( to_date ('2004-09-13', 'YYYY-MM-DD'), '48.350.791/8216-23', 27, 281874, '{689820, 348857, 844753}' );
INSERT INTO pontoEstrutura ( data, cnpjParque, idEstruturacao, quantidade, coordenadas )
	VALUES ( to_date ('2010-11-21', 'YYYY-MM-DD'), '90.274.616/6114-91', 30, 312182, '{299570, 828445, 596499}' );
INSERT INTO pontoEstrutura ( data, cnpjParque, idEstruturacao, quantidade, coordenadas )
	VALUES ( to_date ('2007-05-23', 'YYYY-MM-DD'), '48.350.791/8216-23', 7, 628887, '{689820, 348857, 844753}' );
INSERT INTO pontoEstrutura ( data, cnpjParque, idEstruturacao, quantidade, coordenadas )
	VALUES ( to_date ('2008-09-11', 'YYYY-MM-DD'), '77.821.863/2184-10', 20, 438834, '{535648, 594851, 223026}' );
INSERT INTO pontoEstrutura ( data, cnpjParque, idEstruturacao, quantidade, coordenadas )
	VALUES ( to_date ('2001-03-06', 'YYYY-MM-DD'), '65.847.778/7623-41', 11, 813288, '{631075, 319814, 719848}' );
INSERT INTO pontoEstrutura ( data, cnpjParque, idEstruturacao, quantidade, coordenadas )
	VALUES ( to_date ('2004-07-06', 'YYYY-MM-DD'), '90.274.616/6114-91', 1, 170098, '{336909, 249850, 202788}' );
INSERT INTO pontoEstrutura ( data, cnpjParque, idEstruturacao, quantidade, coordenadas )
	VALUES ( to_date ('2006-11-02', 'YYYY-MM-DD'), '93.317.506/7481-97', 24, 740778, '{372619, 848889, 484029}' );
INSERT INTO pontoEstrutura ( data, cnpjParque, idEstruturacao, quantidade, coordenadas )
	VALUES ( to_date ('2013-02-02', 'YYYY-MM-DD'), '93.317.506/7481-97', 20, 572628, '{124472, 432434, 306700}' );
INSERT INTO pontoEstrutura ( data, cnpjParque, idEstruturacao, quantidade, coordenadas )
	VALUES ( to_date ('2000-10-30', 'YYYY-MM-DD'), '48.350.791/8216-23', 13, 391248, '{689820, 348857, 844753}' );
INSERT INTO pontoEstrutura ( data, cnpjParque, idEstruturacao, quantidade, coordenadas )
	VALUES ( to_date ('2004-01-17', 'YYYY-MM-DD'), '64.715.641/7509-67', 39, 829625, '{676959, 611747, 527861}' );
INSERT INTO pontoEstrutura ( data, cnpjParque, idEstruturacao, quantidade, coordenadas )
	VALUES ( to_date ('2018-07-10', 'YYYY-MM-DD'), '58.825.759/5797-17', 17, 651059, '{170457, 402128, 637692}' );

/* TABLE pontoSom */
INSERT INTO pontoSom ( quantidade, idSonorizacao, cnpjParque, data, numeroGrafo, coordenadas )
	VALUES ( 724867, 22, '94.081.472/9235-55', to_date ('2006-04-25', 'YYYY-MM-DD'), 207446, '{888798, 569777, 594029}' );
INSERT INTO pontoSom ( quantidade, idSonorizacao, cnpjParque, data, numeroGrafo, coordenadas )
	VALUES ( 205936, 10, '09.880.825/1326-45', to_date ('2016-09-16', 'YYYY-MM-DD'), 456445, '{675894, 680525, 371794}' );
INSERT INTO pontoSom ( quantidade, idSonorizacao, cnpjParque, data, numeroGrafo, coordenadas )
	VALUES ( 695553, 20, '05.331.102/3712-76', to_date ('2008-11-19', 'YYYY-MM-DD'), 309552, '{392306, 521823, 302117}' );
INSERT INTO pontoSom ( quantidade, idSonorizacao, cnpjParque, data, numeroGrafo, coordenadas )
	VALUES ( 602980, 33, '42.231.492/0864-83', to_date ('2001-11-10', 'YYYY-MM-DD'), 464855, '{869050, 684065, 776445}' );
INSERT INTO pontoSom ( quantidade, idSonorizacao, cnpjParque, data, numeroGrafo, coordenadas )
	VALUES ( 529907, 18, '64.715.641/7509-67', to_date ('2015-11-09', 'YYYY-MM-DD'), 456116, '{424149, 687512, 836929}' );
INSERT INTO pontoSom ( quantidade, idSonorizacao, cnpjParque, data, numeroGrafo, coordenadas )
	VALUES ( 544999, 21, '77.821.863/2184-10', to_date ('2000-09-27', 'YYYY-MM-DD'), 372702, '{535648, 594851, 223026}' );
INSERT INTO pontoSom ( quantidade, idSonorizacao, cnpjParque, data, numeroGrafo, coordenadas )
	VALUES ( 156075, 11, '09.880.825/1326-45', to_date ('2007-06-20', 'YYYY-MM-DD'), 815479, '{675894, 680525, 371794}' );
INSERT INTO pontoSom ( quantidade, idSonorizacao, cnpjParque, data, numeroGrafo, coordenadas )
	VALUES ( 788431, 31, '05.331.102/3712-76', to_date ('2012-04-19', 'YYYY-MM-DD'), 237834, '{261931, 610956, 269581}' );
INSERT INTO pontoSom ( quantidade, idSonorizacao, cnpjParque, data, numeroGrafo, coordenadas )
	VALUES ( 152866, 25, '63.638.904/0553-05', to_date ('2005-01-02', 'YYYY-MM-DD'), 309241, '{140850, 834050, 287023}' );
INSERT INTO pontoSom ( quantidade, idSonorizacao, cnpjParque, data, numeroGrafo, coordenadas )
	VALUES ( 387927, 9, '35.066.252/9095-42', to_date ('2018-09-29', 'YYYY-MM-DD'), 452378, '{308400, 142126, 316345}' );
INSERT INTO pontoSom ( quantidade, idSonorizacao, cnpjParque, data, numeroGrafo, coordenadas )
	VALUES ( 624883, 17, '65.847.778/7623-41', to_date ('2007-02-08', 'YYYY-MM-DD'), 190314, '{146350, 511861, 112954}' );
INSERT INTO pontoSom ( quantidade, idSonorizacao, cnpjParque, data, numeroGrafo, coordenadas )
	VALUES ( 593330, 26, '63.638.904/0553-05', to_date ('2007-01-19', 'YYYY-MM-DD'), 516908, '{140850, 834050, 287023}' );
INSERT INTO pontoSom ( quantidade, idSonorizacao, cnpjParque, data, numeroGrafo, coordenadas )
	VALUES ( 544081, 35, '79.122.120/9116-33', to_date ('2017-11-28', 'YYYY-MM-DD'), 120869, '{136774, 199204, 860340}' );
INSERT INTO pontoSom ( quantidade, idSonorizacao, cnpjParque, data, numeroGrafo, coordenadas )
	VALUES ( 351226, 35, '15.273.790/8695-49', to_date ('2008-08-14', 'YYYY-MM-DD'), 649659, '{711068, 842953, 883109}' );
INSERT INTO pontoSom ( quantidade, idSonorizacao, cnpjParque, data, numeroGrafo, coordenadas )
	VALUES ( 794028, 5, '35.066.252/9095-42', to_date ('2004-04-14', 'YYYY-MM-DD'), 805102, '{308400, 142126, 316345}' );
INSERT INTO pontoSom ( quantidade, idSonorizacao, cnpjParque, data, numeroGrafo, coordenadas )
	VALUES ( 340344, 16, '59.874.214/9099-10', to_date ('2009-07-27', 'YYYY-MM-DD'), 440427, '{423211, 883970, 848075}' );
INSERT INTO pontoSom ( quantidade, idSonorizacao, cnpjParque, data, numeroGrafo, coordenadas )
	VALUES ( 105132, 16, '15.273.790/8695-49', to_date ('2007-08-05', 'YYYY-MM-DD'), 678934, '{711068, 842953, 883109}' );
INSERT INTO pontoSom ( quantidade, idSonorizacao, cnpjParque, data, numeroGrafo, coordenadas )
	VALUES ( 573082, 21, '77.289.287/4398-15', to_date ('2011-03-13', 'YYYY-MM-DD'), 748652, '{481941, 342637, 274702}' );
INSERT INTO pontoSom ( quantidade, idSonorizacao, cnpjParque, data, numeroGrafo, coordenadas )
	VALUES ( 565398, 28, '35.066.252/9095-42', to_date ('2005-03-14', 'YYYY-MM-DD'), 526339, '{308400, 142126, 316345}' );
INSERT INTO pontoSom ( quantidade, idSonorizacao, cnpjParque, data, numeroGrafo, coordenadas )
	VALUES ( 711205, 7, '77.821.863/2184-10', to_date ('2012-01-18', 'YYYY-MM-DD'), 375881, '{103514, 599485, 325235}' );
INSERT INTO pontoSom ( quantidade, idSonorizacao, cnpjParque, data, numeroGrafo, coordenadas )
	VALUES ( 631841, 10, '05.331.102/3712-76', to_date ('2005-05-08', 'YYYY-MM-DD'), 543209, '{387076, 374199, 193298}' );
INSERT INTO pontoSom ( quantidade, idSonorizacao, cnpjParque, data, numeroGrafo, coordenadas )
	VALUES ( 474271, 22, '95.956.140/2002-74', to_date ('2001-07-29', 'YYYY-MM-DD'), 812100, '{358906, 747820, 347202}' );
INSERT INTO pontoSom ( quantidade, idSonorizacao, cnpjParque, data, numeroGrafo, coordenadas )
	VALUES ( 686710, 15, '58.825.759/5797-17', to_date ('2000-03-04', 'YYYY-MM-DD'), 738711, '{170457, 402128, 637692}' );
INSERT INTO pontoSom ( quantidade, idSonorizacao, cnpjParque, data, numeroGrafo, coordenadas )
	VALUES ( 371896, 24, '65.847.778/7623-41', to_date ('2016-10-03', 'YYYY-MM-DD'), 806078, '{631075, 319814, 719848}' );
INSERT INTO pontoSom ( quantidade, idSonorizacao, cnpjParque, data, numeroGrafo, coordenadas )
	VALUES ( 546994, 30, '77.821.863/2184-10', to_date ('2013-06-21', 'YYYY-MM-DD'), 546278, '{103514, 599485, 325235}' );
INSERT INTO pontoSom ( quantidade, idSonorizacao, cnpjParque, data, numeroGrafo, coordenadas )
	VALUES ( 189749, 18, '42.231.492/0864-83', to_date ('2012-04-12', 'YYYY-MM-DD'), 715325, '{869050, 684065, 776445}' );
INSERT INTO pontoSom ( quantidade, idSonorizacao, cnpjParque, data, numeroGrafo, coordenadas )
	VALUES ( 656322, 20, '94.081.472/9235-55', to_date ('2011-04-26', 'YYYY-MM-DD'), 270890, '{888798, 569777, 594029}' );
INSERT INTO pontoSom ( quantidade, idSonorizacao, cnpjParque, data, numeroGrafo, coordenadas )
	VALUES ( 849879, 35, '12.351.738/4412-15', to_date ('2016-01-16', 'YYYY-MM-DD'), 456224, '{885373, 506120, 254636}' );
INSERT INTO pontoSom ( quantidade, idSonorizacao, cnpjParque, data, numeroGrafo, coordenadas )
	VALUES ( 390552, 13, '77.821.863/2184-10', to_date ('2014-03-28', 'YYYY-MM-DD'), 736718, '{535648, 594851, 223026}' );
INSERT INTO pontoSom ( quantidade, idSonorizacao, cnpjParque, data, numeroGrafo, coordenadas )
	VALUES ( 703172, 28, '59.874.214/9099-10', to_date ('2001-05-07', 'YYYY-MM-DD'), 682528, '{256867, 484732, 113225}' );
INSERT INTO pontoSom ( quantidade, idSonorizacao, cnpjParque, data, numeroGrafo, coordenadas )
	VALUES ( 290079, 2, '72.634.660/2830-75', to_date ('2017-01-17', 'YYYY-MM-DD'), 831657, '{820259, 185455, 288073}' );
INSERT INTO pontoSom ( quantidade, idSonorizacao, cnpjParque, data, numeroGrafo, coordenadas )
	VALUES ( 843757, 27, '79.122.120/9116-33', to_date ('2008-03-22', 'YYYY-MM-DD'), 219053, '{114078, 378797, 851741}' );
INSERT INTO pontoSom ( quantidade, idSonorizacao, cnpjParque, data, numeroGrafo, coordenadas )
	VALUES ( 676110, 12, '63.638.904/0553-05', to_date ('2009-09-05', 'YYYY-MM-DD'), 117680, '{855409, 789725, 369418}' );
INSERT INTO pontoSom ( quantidade, idSonorizacao, cnpjParque, data, numeroGrafo, coordenadas )
	VALUES ( 721142, 8, '64.715.641/7509-67', to_date ('2014-03-20', 'YYYY-MM-DD'), 637271, '{424149, 687512, 836929}' );
INSERT INTO pontoSom ( quantidade, idSonorizacao, cnpjParque, data, numeroGrafo, coordenadas )
	VALUES ( 180184, 15, '63.638.904/0553-05', to_date ('2000-07-22', 'YYYY-MM-DD'), 160640, '{855409, 789725, 369418}' );
INSERT INTO pontoSom ( quantidade, idSonorizacao, cnpjParque, data, numeroGrafo, coordenadas )
	VALUES ( 492941, 11, '59.874.214/9099-10', to_date ('2003-07-04', 'YYYY-MM-DD'), 415236, '{423211, 883970, 848075}' );
INSERT INTO pontoSom ( quantidade, idSonorizacao, cnpjParque, data, numeroGrafo, coordenadas )
	VALUES ( 648236, 5, '42.231.492/0864-83', to_date ('2007-11-05', 'YYYY-MM-DD'), 253134, '{869050, 684065, 776445}' );
INSERT INTO pontoSom ( quantidade, idSonorizacao, cnpjParque, data, numeroGrafo, coordenadas )
	VALUES ( 332942, 16, '90.274.616/6114-91', to_date ('2000-10-07', 'YYYY-MM-DD'), 109714, '{336909, 249850, 202788}' );
INSERT INTO pontoSom ( quantidade, idSonorizacao, cnpjParque, data, numeroGrafo, coordenadas )
	VALUES ( 891875, 26, '77.821.863/2184-10', to_date ('2001-01-22', 'YYYY-MM-DD'), 166481, '{103514, 599485, 325235}' );
INSERT INTO pontoSom ( quantidade, idSonorizacao, cnpjParque, data, numeroGrafo, coordenadas )
	VALUES ( 504087, 34, '64.715.641/7509-67', to_date ('2018-06-08', 'YYYY-MM-DD'), 881507, '{424149, 687512, 836929}' );
/* NULL INSERTION FOR ATTRIBUTE data AT TABLE pontoSom  */
 INSERT INTO pontoSom ( quantidade, idSonorizacao, cnpjParque, data, numeroGrafo, coordenadas )
	VALUES ( 184295, 29, '77.821.863/2184-10', NULL, 780829, '{840634, 891977, 317495}' );
/* NULL INSERTION FOR ATTRIBUTE numeroGrafo AT TABLE pontoSom  */
 INSERT INTO pontoSom ( quantidade, idSonorizacao, cnpjParque, data, numeroGrafo, coordenadas )
	VALUES ( 730126, 22, '59.874.214/9099-10', to_date ('2015-01-18', 'YYYY-MM-DD'), NULL, '{256867, 484732, 113225}' );

/* TABLE opera */
INSERT INTO opera ( cpfPiloto, cnpjParque, idDrone, dataFesta )
	VALUES ( '576.734.720-68', '21.169.201/8498-85', 43944369, to_date ('2011-08-10', 'YYYY-MM-DD') );
INSERT INTO opera ( cpfPiloto, cnpjParque, idDrone, dataFesta )
	VALUES ( '598.219.001-03', '09.880.825/1326-45', 89571542, to_date ('2017-05-19', 'YYYY-MM-DD') );
INSERT INTO opera ( cpfPiloto, cnpjParque, idDrone, dataFesta )
	VALUES ( '274.989.508-32', '84.214.771/8846-13', 14791130, to_date ('2013-07-06', 'YYYY-MM-DD') );
INSERT INTO opera ( cpfPiloto, cnpjParque, idDrone, dataFesta )
	VALUES ( '895.342.722-81', '72.634.660/2830-75', 21254565, to_date ('2017-04-13', 'YYYY-MM-DD') );
INSERT INTO opera ( cpfPiloto, cnpjParque, idDrone, dataFesta )
	VALUES ( '343.535.420-47', '79.122.120/9116-33', 69199901, to_date ('2014-10-17', 'YYYY-MM-DD') );
INSERT INTO opera ( cpfPiloto, cnpjParque, idDrone, dataFesta )
	VALUES ( '496.918.280-41', '67.543.801/6438-34', 81506506, to_date ('2016-05-12', 'YYYY-MM-DD') );
INSERT INTO opera ( cpfPiloto, cnpjParque, idDrone, dataFesta )
	VALUES ( '315.205.016-64', '97.716.226/4644-40', 10756448, to_date ('2000-02-10', 'YYYY-MM-DD') );
INSERT INTO opera ( cpfPiloto, cnpjParque, idDrone, dataFesta )
	VALUES ( '930.959.989-35', '67.543.801/6438-34', 59169559, to_date ('2016-05-12', 'YYYY-MM-DD') );
INSERT INTO opera ( cpfPiloto, cnpjParque, idDrone, dataFesta )
	VALUES ( '513.693.425-00', '09.880.825/1326-45', 53316363, to_date ('2017-05-19', 'YYYY-MM-DD') );
INSERT INTO opera ( cpfPiloto, cnpjParque, idDrone, dataFesta )
	VALUES ( '274.989.508-32', '21.169.201/8498-85', 87588797, to_date ('2011-08-10', 'YYYY-MM-DD') );
INSERT INTO opera ( cpfPiloto, cnpjParque, idDrone, dataFesta )
	VALUES ( '904.573.852-23', '65.847.778/7623-41', 75758065, to_date ('2016-08-19', 'YYYY-MM-DD') );
INSERT INTO opera ( cpfPiloto, cnpjParque, idDrone, dataFesta )
	VALUES ( '614.850.626-02', '80.916.483/4461-56', 21107879, to_date ('2005-06-08', 'YYYY-MM-DD') );
INSERT INTO opera ( cpfPiloto, cnpjParque, idDrone, dataFesta )
	VALUES ( '609.107.210-10', '09.880.825/1326-45', 47716779, to_date ('2018-05-15', 'YYYY-MM-DD') );
INSERT INTO opera ( cpfPiloto, cnpjParque, idDrone, dataFesta )
	VALUES ( '230.908.062-22', '23.851.635/9280-84', 39701203, to_date ('2016-08-14', 'YYYY-MM-DD') );
INSERT INTO opera ( cpfPiloto, cnpjParque, idDrone, dataFesta )
	VALUES ( '904.573.852-23', '59.874.214/9099-10', 35672106, to_date ('2008-07-28', 'YYYY-MM-DD') );
INSERT INTO opera ( cpfPiloto, cnpjParque, idDrone, dataFesta )
	VALUES ( '274.989.508-32', '67.543.801/6438-34', 88806546, to_date ('2016-05-12', 'YYYY-MM-DD') );
INSERT INTO opera ( cpfPiloto, cnpjParque, idDrone, dataFesta )
	VALUES ( '035.906.129-91', '46.041.561/4857-12', 37257647, to_date ('2000-03-23', 'YYYY-MM-DD') );
INSERT INTO opera ( cpfPiloto, cnpjParque, idDrone, dataFesta )
	VALUES ( '003.330.017-59', '35.066.252/9095-42', 44302604, to_date ('2005-04-25', 'YYYY-MM-DD') );
INSERT INTO opera ( cpfPiloto, cnpjParque, idDrone, dataFesta )
	VALUES ( '343.535.420-47', '72.634.660/2830-75', 40363519, to_date ('2015-09-24', 'YYYY-MM-DD') );
INSERT INTO opera ( cpfPiloto, cnpjParque, idDrone, dataFesta )
	VALUES ( '832.020.577-30', '84.214.771/8846-13', 77316325, to_date ('2002-08-23', 'YYYY-MM-DD') );
INSERT INTO opera ( cpfPiloto, cnpjParque, idDrone, dataFesta )
	VALUES ( '315.205.016-64', '65.847.778/7623-41', 12445406, to_date ('2016-08-12', 'YYYY-MM-DD') );
INSERT INTO opera ( cpfPiloto, cnpjParque, idDrone, dataFesta )
	VALUES ( '958.575.876-65', '42.231.492/0864-83', 82196430, to_date ('2008-06-08', 'YYYY-MM-DD') );
INSERT INTO opera ( cpfPiloto, cnpjParque, idDrone, dataFesta )
	VALUES ( '789.045.119-08', '01.875.850/5441-57', 35896848, to_date ('2014-06-26', 'YYYY-MM-DD') );
INSERT INTO opera ( cpfPiloto, cnpjParque, idDrone, dataFesta )
	VALUES ( '724.417.415-89', '85.777.592/2686-89', 16680140, to_date ('2018-08-06', 'YYYY-MM-DD') );
INSERT INTO opera ( cpfPiloto, cnpjParque, idDrone, dataFesta )
	VALUES ( '836.621.909-29', '63.638.904/0553-05', 38000098, to_date ('2011-01-25', 'YYYY-MM-DD') );
INSERT INTO opera ( cpfPiloto, cnpjParque, idDrone, dataFesta )
	VALUES ( '836.621.909-29', '01.875.850/5441-57', 76309972, to_date ('2016-05-19', 'YYYY-MM-DD') );
INSERT INTO opera ( cpfPiloto, cnpjParque, idDrone, dataFesta )
	VALUES ( '693.707.504-19', '01.875.850/5441-57', 24471350, to_date ('2014-06-26', 'YYYY-MM-DD') );
INSERT INTO opera ( cpfPiloto, cnpjParque, idDrone, dataFesta )
	VALUES ( '849.052.639-96', '85.777.592/2686-89', 89302369, to_date ('2004-09-25', 'YYYY-MM-DD') );
INSERT INTO opera ( cpfPiloto, cnpjParque, idDrone, dataFesta )
	VALUES ( '238.683.572-15', '48.350.791/8216-23', 17116329, to_date ('2013-08-29', 'YYYY-MM-DD') );
INSERT INTO opera ( cpfPiloto, cnpjParque, idDrone, dataFesta )
	VALUES ( '987.407.016-29', '46.041.561/4857-12', 31638437, to_date ('2000-03-23', 'YYYY-MM-DD') );
INSERT INTO opera ( cpfPiloto, cnpjParque, idDrone, dataFesta )
	VALUES ( '367.062.323-68', '95.956.140/2002-74', 57162631, to_date ('2014-02-03', 'YYYY-MM-DD') );
INSERT INTO opera ( cpfPiloto, cnpjParque, idDrone, dataFesta )
	VALUES ( '724.417.415-89', '09.880.825/1326-45', 68430554, to_date ('2018-05-15', 'YYYY-MM-DD') );
INSERT INTO opera ( cpfPiloto, cnpjParque, idDrone, dataFesta )
	VALUES ( '808.129.189-54', '67.543.801/6438-34', 20273187, to_date ('2016-04-11', 'YYYY-MM-DD') );
INSERT INTO opera ( cpfPiloto, cnpjParque, idDrone, dataFesta )
	VALUES ( '439.007.910-03', '09.880.825/1326-45', 70020012, to_date ('2013-05-21', 'YYYY-MM-DD') );
INSERT INTO opera ( cpfPiloto, cnpjParque, idDrone, dataFesta )
	VALUES ( '003.273.572-61', '63.638.904/0553-05', 25243554, to_date ('2010-05-16', 'YYYY-MM-DD') );
INSERT INTO opera ( cpfPiloto, cnpjParque, idDrone, dataFesta )
	VALUES ( '988.402.696-60', '82.584.680/9727-24', 79388272, to_date ('2008-11-21', 'YYYY-MM-DD') );
INSERT INTO opera ( cpfPiloto, cnpjParque, idDrone, dataFesta )
	VALUES ( '849.052.639-96', '80.916.483/4461-56', 65107036, to_date ('2013-08-04', 'YYYY-MM-DD') );
INSERT INTO opera ( cpfPiloto, cnpjParque, idDrone, dataFesta )
	VALUES ( '367.062.323-68', '57.190.080/6334-37', 65080491, to_date ('2000-10-25', 'YYYY-MM-DD') );
INSERT INTO opera ( cpfPiloto, cnpjParque, idDrone, dataFesta )
	VALUES ( '832.020.577-30', '82.584.680/9727-24', 45393561, to_date ('2008-11-21', 'YYYY-MM-DD') );
INSERT INTO opera ( cpfPiloto, cnpjParque, idDrone, dataFesta )
	VALUES ( '724.417.415-89', '67.431.940/2061-77', 34311852, to_date ('2011-02-08', 'YYYY-MM-DD') );

/* TABLE auxilia */
INSERT INTO auxilia ( cpfPiloto, cnpjParque, cpfCopiloto, dataFesta )
	VALUES ( '866.030.365-26', '01.875.850/5441-57', '299.163.395-64', to_date ('2016-04-24', 'YYYY-MM-DD') );
INSERT INTO auxilia ( cpfPiloto, cnpjParque, cpfCopiloto, dataFesta )
	VALUES ( '112.701.852-51', '46.041.561/4857-12', '513.693.425-00', to_date ('2000-03-23', 'YYYY-MM-DD') );
INSERT INTO auxilia ( cpfPiloto, cnpjParque, cpfCopiloto, dataFesta )
	VALUES ( '343.535.420-47', '46.041.561/4857-12', '598.219.001-03', to_date ('2000-03-23', 'YYYY-MM-DD') );
INSERT INTO auxilia ( cpfPiloto, cnpjParque, cpfCopiloto, dataFesta )
	VALUES ( '930.959.989-35', '67.543.801/6438-34', '808.129.189-54', to_date ('2016-04-11', 'YYYY-MM-DD') );
INSERT INTO auxilia ( cpfPiloto, cnpjParque, cpfCopiloto, dataFesta )
	VALUES ( '284.960.370-77', '34.206.551/7005-77', '832.020.577-30', to_date ('2018-04-22', 'YYYY-MM-DD') );
INSERT INTO auxilia ( cpfPiloto, cnpjParque, cpfCopiloto, dataFesta )
	VALUES ( '315.205.016-64', '01.875.850/5441-57', '930.959.989-35', to_date ('2016-04-24', 'YYYY-MM-DD') );
INSERT INTO auxilia ( cpfPiloto, cnpjParque, cpfCopiloto, dataFesta )
	VALUES ( '849.052.639-96', '67.543.801/6438-34', '003.330.017-59', to_date ('2016-05-12', 'YYYY-MM-DD') );
INSERT INTO auxilia ( cpfPiloto, cnpjParque, cpfCopiloto, dataFesta )
	VALUES ( '836.621.909-29', '21.169.201/8498-85', '789.045.119-08', to_date ('2016-02-17', 'YYYY-MM-DD') );
INSERT INTO auxilia ( cpfPiloto, cnpjParque, cpfCopiloto, dataFesta )
	VALUES ( '832.020.577-30', '57.190.080/6334-37', '003.273.572-61', to_date ('2000-10-25', 'YYYY-MM-DD') );
INSERT INTO auxilia ( cpfPiloto, cnpjParque, cpfCopiloto, dataFesta )
	VALUES ( '084.827.345-40', '85.777.592/2686-89', '845.346.471-14', to_date ('2018-08-06', 'YYYY-MM-DD') );
INSERT INTO auxilia ( cpfPiloto, cnpjParque, cpfCopiloto, dataFesta )
	VALUES ( '439.007.910-03', '21.169.201/8498-85', '614.850.626-02', to_date ('2011-08-10', 'YYYY-MM-DD') );
INSERT INTO auxilia ( cpfPiloto, cnpjParque, cpfCopiloto, dataFesta )
	VALUES ( '789.045.119-08', '21.169.201/8498-85', '238.683.572-15', to_date ('2011-08-10', 'YYYY-MM-DD') );
INSERT INTO auxilia ( cpfPiloto, cnpjParque, cpfCopiloto, dataFesta )
	VALUES ( '323.375.139-50', '80.916.483/4461-56', '849.052.639-96', to_date ('2013-08-04', 'YYYY-MM-DD') );
INSERT INTO auxilia ( cpfPiloto, cnpjParque, cpfCopiloto, dataFesta )
	VALUES ( '003.273.572-61', '80.916.483/4461-56', '941.284.044-81', to_date ('2005-06-08', 'YYYY-MM-DD') );
INSERT INTO auxilia ( cpfPiloto, cnpjParque, cpfCopiloto, dataFesta )
	VALUES ( '238.683.572-15', '79.122.120/9116-33', '343.535.420-47', to_date ('2014-10-17', 'YYYY-MM-DD') );
INSERT INTO auxilia ( cpfPiloto, cnpjParque, cpfCopiloto, dataFesta )
	VALUES ( '958.575.876-65', '94.081.472/9235-55', '693.707.504-19', to_date ('2009-02-22', 'YYYY-MM-DD') );
INSERT INTO auxilia ( cpfPiloto, cnpjParque, cpfCopiloto, dataFesta )
	VALUES ( '003.273.572-61', '23.851.635/9280-84', '576.734.720-68', to_date ('2016-08-14', 'YYYY-MM-DD') );
INSERT INTO auxilia ( cpfPiloto, cnpjParque, cpfCopiloto, dataFesta )
	VALUES ( '513.693.425-00', '65.847.778/7623-41', '809.862.903-39', to_date ('2013-08-23', 'YYYY-MM-DD') );
INSERT INTO auxilia ( cpfPiloto, cnpjParque, cpfCopiloto, dataFesta )
	VALUES ( '845.346.471-14', '94.081.472/9235-55', '895.342.722-81', to_date ('2009-02-22', 'YYYY-MM-DD') );
INSERT INTO auxilia ( cpfPiloto, cnpjParque, cpfCopiloto, dataFesta )
	VALUES ( '941.284.044-81', '75.799.605/0383-07', '987.407.016-29', to_date ('2010-04-13', 'YYYY-MM-DD') );
INSERT INTO auxilia ( cpfPiloto, cnpjParque, cpfCopiloto, dataFesta )
	VALUES ( '724.417.415-89', '85.777.592/2686-89', '315.205.016-64', to_date ('2004-09-25', 'YYYY-MM-DD') );
INSERT INTO auxilia ( cpfPiloto, cnpjParque, cpfCopiloto, dataFesta )
	VALUES ( '941.284.044-81', '65.847.778/7623-41', '496.918.280-41', to_date ('2016-08-19', 'YYYY-MM-DD') );
INSERT INTO auxilia ( cpfPiloto, cnpjParque, cpfCopiloto, dataFesta )
	VALUES ( '609.107.210-10', '72.634.660/2830-75', '866.030.365-26', to_date ('2015-09-24', 'YYYY-MM-DD') );
INSERT INTO auxilia ( cpfPiloto, cnpjParque, cpfCopiloto, dataFesta )
	VALUES ( '496.918.280-41', '09.880.825/1326-45', '836.621.909-29', to_date ('2013-05-21', 'YYYY-MM-DD') );
INSERT INTO auxilia ( cpfPiloto, cnpjParque, cpfCopiloto, dataFesta )
	VALUES ( '274.989.508-32', '82.584.680/9727-24', '323.375.139-50', to_date ('2008-11-21', 'YYYY-MM-DD') );
INSERT INTO auxilia ( cpfPiloto, cnpjParque, cpfCopiloto, dataFesta )
	VALUES ( '496.918.280-41', '57.190.080/6334-37', '022.084.431-19', to_date ('2000-10-25', 'YYYY-MM-DD') );
INSERT INTO auxilia ( cpfPiloto, cnpjParque, cpfCopiloto, dataFesta )
	VALUES ( '836.621.909-29', '65.847.778/7623-41', '958.575.876-65', to_date ('2016-08-12', 'YYYY-MM-DD') );
INSERT INTO auxilia ( cpfPiloto, cnpjParque, cpfCopiloto, dataFesta )
	VALUES ( '895.342.722-81', '95.956.140/2002-74', '112.701.852-51', to_date ('2016-04-10', 'YYYY-MM-DD') );
INSERT INTO auxilia ( cpfPiloto, cnpjParque, cpfCopiloto, dataFesta )
	VALUES ( '576.734.720-68', '01.875.850/5441-57', '904.573.852-23', to_date ('2014-06-26', 'YYYY-MM-DD') );
INSERT INTO auxilia ( cpfPiloto, cnpjParque, cpfCopiloto, dataFesta )
	VALUES ( '941.284.044-81', '48.350.791/8216-23', '724.417.415-89', to_date ('2013-08-29', 'YYYY-MM-DD') );
INSERT INTO auxilia ( cpfPiloto, cnpjParque, cpfCopiloto, dataFesta )
	VALUES ( '343.535.420-47', '63.638.904/0553-05', '988.402.696-60', to_date ('2011-01-25', 'YYYY-MM-DD') );
INSERT INTO auxilia ( cpfPiloto, cnpjParque, cpfCopiloto, dataFesta )
	VALUES ( '808.129.189-54', '67.543.801/6438-34', '230.908.062-22', to_date ('2016-05-12', 'YYYY-MM-DD') );
INSERT INTO auxilia ( cpfPiloto, cnpjParque, cpfCopiloto, dataFesta )
	VALUES ( '003.273.572-61', '42.231.492/0864-83', '378.394.255-68', to_date ('2008-06-08', 'YYYY-MM-DD') );
INSERT INTO auxilia ( cpfPiloto, cnpjParque, cpfCopiloto, dataFesta )
	VALUES ( '987.407.016-29', '34.206.551/7005-77', '609.107.210-10', to_date ('2018-04-22', 'YYYY-MM-DD') );
INSERT INTO auxilia ( cpfPiloto, cnpjParque, cpfCopiloto, dataFesta )
	VALUES ( '022.084.431-19', '79.122.120/9116-33', '274.989.508-32', to_date ('2014-10-17', 'YYYY-MM-DD') );
INSERT INTO auxilia ( cpfPiloto, cnpjParque, cpfCopiloto, dataFesta )
	VALUES ( '299.163.395-64', '01.875.850/5441-57', '439.007.910-03', to_date ('2016-04-24', 'YYYY-MM-DD') );
INSERT INTO auxilia ( cpfPiloto, cnpjParque, cpfCopiloto, dataFesta )
	VALUES ( '035.906.129-91', '01.875.850/5441-57', '035.906.129-91', to_date ('2016-04-24', 'YYYY-MM-DD') );
INSERT INTO auxilia ( cpfPiloto, cnpjParque, cpfCopiloto, dataFesta )
	VALUES ( '378.394.255-68', '85.777.592/2686-89', '284.960.370-77', to_date ('2004-09-25', 'YYYY-MM-DD') );
INSERT INTO auxilia ( cpfPiloto, cnpjParque, cpfCopiloto, dataFesta )
	VALUES ( '274.989.508-32', '84.214.771/8846-13', '084.827.345-40', to_date ('2002-08-23', 'YYYY-MM-DD') );
INSERT INTO auxilia ( cpfPiloto, cnpjParque, cpfCopiloto, dataFesta )
	VALUES ( '614.850.626-02', '67.543.801/6438-34', '367.062.323-68', to_date ('2016-04-11', 'YYYY-MM-DD') );

/* TABLE manutencao */
INSERT INTO manutencao ( data, cpfTecnico, idEquipamento )
	VALUES ( to_date ('2007-11-22', 'YYYY-MM-DD'), '789.045.119-08', 28 );
INSERT INTO manutencao ( data, cpfTecnico, idEquipamento )
	VALUES ( to_date ('2008-03-13', 'YYYY-MM-DD'), '598.219.001-03', 18 );
INSERT INTO manutencao ( data, cpfTecnico, idEquipamento )
	VALUES ( to_date ('2013-01-27', 'YYYY-MM-DD'), '598.219.001-03', 5 );
INSERT INTO manutencao ( data, cpfTecnico, idEquipamento )
	VALUES ( to_date ('2004-11-08', 'YYYY-MM-DD'), '958.575.876-65', 7 );
INSERT INTO manutencao ( data, cpfTecnico, idEquipamento )
	VALUES ( to_date ('2000-04-12', 'YYYY-MM-DD'), '378.394.255-68', 26 );
INSERT INTO manutencao ( data, cpfTecnico, idEquipamento )
	VALUES ( to_date ('2009-02-19', 'YYYY-MM-DD'), '576.734.720-68', 14 );
INSERT INTO manutencao ( data, cpfTecnico, idEquipamento )
	VALUES ( to_date ('2010-05-06', 'YYYY-MM-DD'), '003.273.572-61', 11 );
INSERT INTO manutencao ( data, cpfTecnico, idEquipamento )
	VALUES ( to_date ('2000-02-08', 'YYYY-MM-DD'), '987.407.016-29', 14 );
INSERT INTO manutencao ( data, cpfTecnico, idEquipamento )
	VALUES ( to_date ('2013-10-24', 'YYYY-MM-DD'), '845.346.471-14', 39 );
INSERT INTO manutencao ( data, cpfTecnico, idEquipamento )
	VALUES ( to_date ('2018-09-09', 'YYYY-MM-DD'), '439.007.910-03', 11 );
INSERT INTO manutencao ( data, cpfTecnico, idEquipamento )
	VALUES ( to_date ('2010-11-20', 'YYYY-MM-DD'), '958.575.876-65', 36 );
INSERT INTO manutencao ( data, cpfTecnico, idEquipamento )
	VALUES ( to_date ('2018-08-01', 'YYYY-MM-DD'), '845.346.471-14', 6 );
INSERT INTO manutencao ( data, cpfTecnico, idEquipamento )
	VALUES ( to_date ('2008-01-01', 'YYYY-MM-DD'), '084.827.345-40', 16 );
INSERT INTO manutencao ( data, cpfTecnico, idEquipamento )
	VALUES ( to_date ('2014-10-22', 'YYYY-MM-DD'), '367.062.323-68', 26 );
INSERT INTO manutencao ( data, cpfTecnico, idEquipamento )
	VALUES ( to_date ('2010-02-17', 'YYYY-MM-DD'), '845.346.471-14', 28 );
INSERT INTO manutencao ( data, cpfTecnico, idEquipamento )
	VALUES ( to_date ('2007-08-16', 'YYYY-MM-DD'), '724.417.415-89', 28 );
INSERT INTO manutencao ( data, cpfTecnico, idEquipamento )
	VALUES ( to_date ('2015-09-03', 'YYYY-MM-DD'), '274.989.508-32', 8 );
INSERT INTO manutencao ( data, cpfTecnico, idEquipamento )
	VALUES ( to_date ('2001-08-19', 'YYYY-MM-DD'), '378.394.255-68', 39 );
INSERT INTO manutencao ( data, cpfTecnico, idEquipamento )
	VALUES ( to_date ('2015-04-23', 'YYYY-MM-DD'), '084.827.345-40', 12 );
INSERT INTO manutencao ( data, cpfTecnico, idEquipamento )
	VALUES ( to_date ('2004-08-14', 'YYYY-MM-DD'), '809.862.903-39', 25 );
INSERT INTO manutencao ( data, cpfTecnico, idEquipamento )
	VALUES ( to_date ('2002-03-25', 'YYYY-MM-DD'), '284.960.370-77', 33 );
INSERT INTO manutencao ( data, cpfTecnico, idEquipamento )
	VALUES ( to_date ('2013-06-16', 'YYYY-MM-DD'), '836.621.909-29', 27 );
INSERT INTO manutencao ( data, cpfTecnico, idEquipamento )
	VALUES ( to_date ('2014-08-09', 'YYYY-MM-DD'), '238.683.572-15', 31 );
INSERT INTO manutencao ( data, cpfTecnico, idEquipamento )
	VALUES ( to_date ('2010-04-22', 'YYYY-MM-DD'), '299.163.395-64', 23 );
INSERT INTO manutencao ( data, cpfTecnico, idEquipamento )
	VALUES ( to_date ('2007-06-16', 'YYYY-MM-DD'), '614.850.626-02', 23 );
INSERT INTO manutencao ( data, cpfTecnico, idEquipamento )
	VALUES ( to_date ('2014-11-23', 'YYYY-MM-DD'), '809.862.903-39', 23 );
INSERT INTO manutencao ( data, cpfTecnico, idEquipamento )
	VALUES ( to_date ('2014-03-16', 'YYYY-MM-DD'), '230.908.062-22', 15 );
INSERT INTO manutencao ( data, cpfTecnico, idEquipamento )
	VALUES ( to_date ('2014-03-13', 'YYYY-MM-DD'), '035.906.129-91', 8 );
INSERT INTO manutencao ( data, cpfTecnico, idEquipamento )
	VALUES ( to_date ('2001-02-11', 'YYYY-MM-DD'), '378.394.255-68', 35 );
INSERT INTO manutencao ( data, cpfTecnico, idEquipamento )
	VALUES ( to_date ('2002-07-27', 'YYYY-MM-DD'), '808.129.189-54', 5 );
INSERT INTO manutencao ( data, cpfTecnico, idEquipamento )
	VALUES ( to_date ('2006-10-15', 'YYYY-MM-DD'), '576.734.720-68', 27 );
INSERT INTO manutencao ( data, cpfTecnico, idEquipamento )
	VALUES ( to_date ('2015-07-11', 'YYYY-MM-DD'), '439.007.910-03', 12 );
INSERT INTO manutencao ( data, cpfTecnico, idEquipamento )
	VALUES ( to_date ('2012-05-11', 'YYYY-MM-DD'), '035.906.129-91', 12 );
INSERT INTO manutencao ( data, cpfTecnico, idEquipamento )
	VALUES ( to_date ('2011-10-16', 'YYYY-MM-DD'), '003.273.572-61', 21 );
INSERT INTO manutencao ( data, cpfTecnico, idEquipamento )
	VALUES ( to_date ('2012-04-25', 'YYYY-MM-DD'), '238.683.572-15', 37 );
INSERT INTO manutencao ( data, cpfTecnico, idEquipamento )
	VALUES ( to_date ('2007-07-15', 'YYYY-MM-DD'), '323.375.139-50', 39 );
INSERT INTO manutencao ( data, cpfTecnico, idEquipamento )
	VALUES ( to_date ('2010-01-22', 'YYYY-MM-DD'), '022.084.431-19', 22 );
INSERT INTO manutencao ( data, cpfTecnico, idEquipamento )
	VALUES ( to_date ('2009-03-08', 'YYYY-MM-DD'), '576.734.720-68', 16 );
INSERT INTO manutencao ( data, cpfTecnico, idEquipamento )
	VALUES ( to_date ('2010-02-19', 'YYYY-MM-DD'), '299.163.395-64', 39 );
INSERT INTO manutencao ( data, cpfTecnico, idEquipamento )
	VALUES ( to_date ('2004-05-12', 'YYYY-MM-DD'), '724.417.415-89', 32 );

/* TABLE NUMBER TOTAL: 36 */
ROLLBACK;
